-- MySQL Workbench Forward Engineering

SET @OLD_UNIQUE_CHECKS=@@UNIQUE_CHECKS, UNIQUE_CHECKS=0;
SET @OLD_FOREIGN_KEY_CHECKS=@@FOREIGN_KEY_CHECKS, FOREIGN_KEY_CHECKS=0;
SET @OLD_SQL_MODE=@@SQL_MODE, SQL_MODE='ONLY_FULL_GROUP_BY,STRICT_TRANS_TABLES,NO_ZERO_IN_DATE,NO_ZERO_DATE,ERROR_FOR_DIVISION_BY_ZERO,NO_ENGINE_SUBSTITUTION';

-- -----------------------------------------------------
-- Schema mydb
-- -----------------------------------------------------

-- -----------------------------------------------------
-- Schema mydb
-- -----------------------------------------------------
CREATE SCHEMA IF NOT EXISTS `mydb` DEFAULT CHARACTER SET utf8 ;
USE `mydb` ;

-- -----------------------------------------------------
-- Table `mydb`.`User`
-- -----------------------------------------------------
CREATE TABLE IF NOT EXISTS `mydb`.`User` (
  `UserID` VARCHAR(40) NOT NULL,
  `Pwd` VARCHAR(45) NULL,
  `Name` VARCHAR(45) NULL,
  `Address` VARCHAR(45) NULL,
  `City` VARCHAR(45) NULL,
  `State` VARCHAR(45) NULL,
  `Country` VARCHAR(45) NULL,
  `Email` VARCHAR(45) NULL,
  `Phone` Varchar(45) NULL,
  `Rolename` VARCHAR(45) NULL,
  `Frequentflyernumber` INT NULL,
  `Category` VARCHAR(45) NULL,
  PRIMARY KEY (`UserID`))
ENGINE = InnoDB;


-- -----------------------------------------------------
-- Table `mydb`.`Airline`
-- -----------------------------------------------------
CREATE TABLE IF NOT EXISTS `mydb`.`Airline` (
  `AirlineCode` VARCHAR(5) NOT NULL,
  `Description` VARCHAR(45) NULL,
  `PlaneType` VARCHAR(45) NULL,
  `MaxPassenger` INT NULL,
  `Year` YEAR NULL,
  `MaxloadCapacity` INT NULL,
  PRIMARY KEY (`AirlineCode`))
ENGINE = InnoDB;


-- -----------------------------------------------------
-- Table `mydb`.`Airport`
-- -----------------------------------------------------
CREATE TABLE IF NOT EXISTS `mydb`.`Airport` (
  `AirportCode` VARCHAR(3) NOT NULL,
  `Address` VARCHAR(80) NULL,
  `City` VARCHAR(45) NULL,
  `State` VARCHAR(45) NULL,
  `Country` VARCHAR(45) NULL,
  `Terminal` VARCHAR(45) NULL,
  PRIMARY KEY (`AirportCode`))
ENGINE = InnoDB;


-- -----------------------------------------------------
-- Table `mydb`.`Booking`
-- -----------------------------------------------------
CREATE TABLE IF NOT EXISTS `mydb`.`Booking` (
  `BookingCode` VARCHAR(8) NOT NULL,
  `Class_type` VARCHAR(45) NULL,
  `Insurance` DOUBLE NULL,
  `Totalcost` FLOAT NULL,
  `BookingDate` DATE NULL,
  `IsRefundable` TINYINT NULL,
  `User_UserID` VARCHAR(40) NOT NULL,
  PRIMARY KEY (`BookingCode`),
  INDEX `fk_Booking_User1_idx` (`User_UserID` ASC) VISIBLE,
  CONSTRAINT `fk_Booking_User1`
    FOREIGN KEY (`User_UserID`)
    REFERENCES `mydb`.`User` (`UserID`)
    ON DELETE NO ACTION
    ON UPDATE NO ACTION)
ENGINE = InnoDB;


-- -----------------------------------------------------
-- Table `mydb`.`Ticket`
-- -----------------------------------------------------
CREATE TABLE IF NOT EXISTS `mydb`.`Ticket` (
  `TicketReference` VARCHAR(45) NOT NULL,
  `Name` VARCHAR(45) NULL,
  `Passport` VARCHAR(45) NULL,
  `Phone` VARCHAR(45) NULL,
  `Emergencycontactname` VARCHAR(45) NULL,
  `Emergencycontactphone` BIGINT NULL,
  `CostLine` FLOAT NULL,
  `Booking_BookingCode` VARCHAR(8) NOT NULL,
  PRIMARY KEY (`TicketReference`),
  INDEX `fk_Ticket_Booking1_idx` (`Booking_BookingCode` ASC) VISIBLE,
  CONSTRAINT `fk_Ticket_Booking1`
    FOREIGN KEY (`Booking_BookingCode`)
    REFERENCES `mydb`.`Booking` (`BookingCode`)
    ON DELETE NO ACTION
    ON UPDATE NO ACTION)
ENGINE = InnoDB;


-- -----------------------------------------------------
-- Table `mydb`.`Itinerary`
-- -----------------------------------------------------
CREATE TABLE IF NOT EXISTS `mydb`.`Itinerary` (
  `ItineraryId` INT NOT NULL,
  `ItinerarySequence` INT NOT NULL,
  `AirlineCode` VARCHAR(5) NOT NULL,
  `DepartureDatetime` DATETIME NULL,
  `DeptAirportCode` VARCHAR(3) NOT NULL,
  `DeptGate` VARCHAR(20) NULL,
  `ArrivalAirportCode` VARCHAR(3) NOT NULL,
  `ArrivalDatetime` DATETIME NULL,
  `ArrivalGate` VARCHAR(20) NULL,
  `ConnectingFlight` TINYINT NULL,
  `Check_inStatus` VARCHAR(45) NULL,
  `BoardingPassGenerated` TINYINT NULL,
  `Group` VARCHAR(45) NULL,
  `Seat` VARCHAR(45) NULL,
  `LuggageQuantity` INT NULL,
  `Booking_BookingCode` VARCHAR(8) NOT NULL,
  PRIMARY KEY (`ItineraryId`, `ItinerarySequence`),
  INDEX `fk_Itinerary_DeptAirportCode_idx` (`DeptAirportCode` ASC) VISIBLE,
  INDEX `fk_Itinerary_ArrivalAirportCode_idx` (`ArrivalAirportCode` ASC) VISIBLE,
  INDEX `fk_Itinerary_AirlineCode_idx` (`AirlineCode` ASC) VISIBLE,
  INDEX `fk_Itinerary_Booking1_idx` (`Booking_BookingCode` ASC) VISIBLE,
  CONSTRAINT `fk_Itinerary_DeptAirportCode`
    FOREIGN KEY (`DeptAirportCode`)
    REFERENCES `mydb`.`Airport` (`AirportCode`)
    ON DELETE NO ACTION
    ON UPDATE NO ACTION,
  CONSTRAINT `fk_Itinerary_ArrivalAirportCode`
    FOREIGN KEY (`ArrivalAirportCode`)
    REFERENCES `mydb`.`Airport` (`AirportCode`)
    ON DELETE NO ACTION
    ON UPDATE NO ACTION,
  CONSTRAINT `fk_Itinerary_AirlineCode`
    FOREIGN KEY (`AirlineCode`)
    REFERENCES `mydb`.`Airline` (`AirlineCode`)
    ON DELETE NO ACTION
    ON UPDATE NO ACTION,
  CONSTRAINT `fk_Itinerary_Booking1`
    FOREIGN KEY (`Booking_BookingCode`)
    REFERENCES `mydb`.`Booking` (`BookingCode`)
    ON DELETE NO ACTION
    ON UPDATE NO ACTION)
ENGINE = InnoDB;




SET SQL_MODE=@OLD_SQL_MODE;
SET FOREIGN_KEY_CHECKS=@OLD_FOREIGN_KEY_CHECKS;
SET UNIQUE_CHECKS=@OLD_UNIQUE_CHECKS;



-- Sample data inserts for the 'mydb' schema

-- Insert data into the 'User' table
INSERT INTO `mydb`.`User` (`UserID`, `Pwd`, `Name`, `Address`, `City`, `State`, `Country`, `Email`, `Phone`, `Rolename`, `Frequentflyernumber`, `Category`) 
VALUES 
('user1', 'password1', 'John Doe', '123 Main St', 'Honolulu', 'HI', 'USA', 'john@example.com', '1234567890', 'User', 12345, 'Gold'),
('user2', 'password2', 'Jane Smith', '456 Elm St', 'Chicago', 'IL', 'USA', 'jane@example.com', '9876543210', 'User', 54321, 'Silver'),
('user3', 'password3', 'Alice Johnson', '789 Elm St', 'Atlanta', 'GA', 'USA', 'alice@example.com', '55616855', 'User', 67890, 'Gold'),
('user4', 'password4', 'Bob Smith', '987 Oak St', 'Denver', 'CO', 'USA', 'bob@example.com', '545615156', 'User', 12345, 'Platinum'),
('user5', 'password5', 'Charlie Brown', '111 Pine St', 'Anchorage', 'AL', 'USA', 'charlie@example.com', '45511555', 'User', 54321, 'Platinum'),
('user6', 'password6', 'David Brown', '456 Oak St', 'Tucson', 'AR', 'USA', 'david@example.com', '85245154', 'User', 98765, 'Gold'),
('user7', 'password7', 'Eva Smith', '789 Pine St', 'Boston', 'MA', 'USA', 'eva@example.com', '45151615', 'User', 23456, 'Gold'),
('user8', 'password8', 'Frank Johnson', '111 Elm St', 'Boston', 'MA', 'USA', 'frank@example.com', '62626565', 'User', 87654, 'Platinum'),
('user9', 'password9', 'Grace Smith', '123 Oak St', 'Detroit', 'MI', 'USA', 'grace@example.com', '3545333', 'User', 7653, 'Gold'),
('user10', 'password10', 'Hank Doe', '987 Pine St', 'Seattle', 'WA', 'USA', 'hank@example.com', '2885852', 'User', 3567, 'Platinum'),
('user11', 'password11', 'Ivy Brown', '789 Oak St', 'Nashville', 'TN', 'USA', 'ivy@example.com', '555551255', 'User', 65432, 'Platinum'),
('user12', 'password12', 'Jack Smith', '456 Pine St', 'New Orleans', 'LA', 'USA', 'jack@example.com', '7751515777', 'User', 965, 'Platinum'),
('user13', 'password13', 'Kate Johnson', '111 Elm St', 'Fort Worth', 'TX', 'USA', 'kate@example.com', '851581858', 'User', 2345, 'Gold'),
('user14', 'password14', 'Liam Doe', '123 Main St', 'Sacramento', 'CA', 'USA', 'liam@example.com', '9518518199', 'User', 874, 'Silver'),
('user15', 'password15', 'Mia Brown', '456 Elm St', 'Bronx', 'NY', 'USA', 'mia@example.com', '156813513', 'User', 7543, 'Platinum'),
('user16', 'password16', 'Noah Smith', '123 Pine St', 'San Diego', 'CA', 'USA', 'noah@example.com', '3516513', 'User', 54321, 'Gold'),
('user17', 'password17', 'Olivia Brown', '456 Oak St', 'Miami', 'FL', 'USA', 'olivia@example.com', '24531322', 'User', 43210, 'Silver'),
('user18', 'password18', 'Peter Johnson', '789 Main St', 'Albany', 'NY', 'USA', 'peter@example.com', '7865555', 'User', 321, 'Platinum'),
('user19', 'password19', 'Quinn Smith', '987 Elm St', 'Houston', 'TX', 'USA', 'quinn@example.com', '55865555', 'User', 210, 'Gold'),
('user20', 'password20', 'Rachel Doe', '111 Oak St', 'Anaheim', 'CA', 'USA', 'rachel@example.com', '430444444', 'User', 109, 'Platinum'),
('user21', 'password21', 'Sam Brown', '123 Elm St', 'San Diego', 'CA', 'USA', 'sam@example.com', '88888518', 'User', 854, 'Gold'),
('user22', 'password22', 'Tom Smith', '987 Pine St', 'Clearwater', 'FL', 'USA', 'tom@example.com', '684466666', 'User', 73, 'Platinum'),
('user23', 'password23', 'Uma Johnson', '456 Main St', 'Queens', 'NY', 'USA', 'uma@example.com', '5151651', 'User', 62, 'Silver'),
('user24', 'password24', 'Violet Doe', '111 Oak St', 'Los Angeles', 'CA', 'USA', 'violet@example.com', '11145111', 'User', 432, 'Platinum'),
('user25', 'password25', 'William Smith', '789 Elm St', 'Dallas', 'TX', 'USA', 'william@example.com', '2556622', 'User', 430, 'Gold'),
('user26', 'password26', 'Sophia Anderson', '123 Elm St', 'Seattle', 'WA', 'USA', 'sophia@example.com', '1234841000', 'User', 95, 'Gold'),
('user27', 'password27', 'Lucas Lee', '456 Oak St', 'San Francisco', 'CA', 'USA', 'lucas@example.com', '98445889', 'Employee', 5444, 'Gold'),
('user28', 'password28', 'Ella Baker', '789 Pine St', 'Boston', 'MA', 'USA', 'ella@example.com', '56125255', 'User', 67000, 'Gold'),
('user29', 'password29', 'Henry Martin', '987 Oak St', 'Austin', 'TX', 'USA', 'henry@example.com', '7796379', 'Employee', 8888, 'Platinum'),
('user30', 'password30', 'Mia White', '111 Elm St', 'Chicago', 'IL', 'USA', 'mia@example.com', '6744116', 'User', 5405, 'Platinum'),
('user31', 'password31', 'Oliver Johnson', '123 Pine St', 'Denver', 'CO', 'USA', 'oliver@example.com', '444785614', 'User', 7132, 'Gold'),
('user32', 'password32', 'Harper Davis', '789 Elm St', 'New York', 'NY', 'USA', 'harper@example.com', '56611455', 'User', 789, 'Silver'),
('user33', 'password33', 'Jack Wilson', '456 Oak St', 'Los Angeles', 'CA', 'USA', 'jack@example.com', '77751237', 'Employee', 741, 'Platinum'),
('user34', 'password34', 'Ava Smith', '987 Pine St', 'Nashville', 'TN', 'USA', 'ava@example.com', '364510', 'User', 742, 'Gold'),
('user35', 'password35', 'Liam Brown', '111 Elm St', 'San Antonio', 'TX', 'USA', 'liam@example.com', '1456898', 'User', 743, 'Platinum'),
('user36', 'password36', 'Emma Taylor', '123 Main St', 'Orlando', 'FL', 'USA', 'emma@example.com', '0123545', 'Employee', 00001, 'Platinum'),
('user37', 'password37', 'Olivia Harris', '456 Elm St', 'Dallas', 'TX', 'USA', 'olivia@example.com', '945555', 'User', 00002, 'Silver'),
('user38', 'password38', 'Isabella Clark', '789 Oak St', 'San Diego', 'CA', 'USA', 'isabella@example.com', '54511115', 'Employee', 00003, 'Gold'),
('user39', 'password39', 'Amelia Parker', '987 Pine St', 'Atlanta', 'GA', 'USA', 'amelia@example.com', '777000477', 'User', 00004, 'Silver'),
('user40', 'password40', 'Lucas Lewis', '111 Elm St', 'Houston', 'TX', 'USA', 'lucas@example.com', '415616151', 'Employee', 00054, 'Silver'),
('user41', 'password41', 'Liam Wood', '123 Pine St', 'Phoenix', 'AZ', 'USA', 'liam@example.com', '1010110155', 'User', 00051, 'Silver'),
('user42', 'password42', 'Mia Bailey', '789 Elm St', 'Miami', 'FL', 'USA', 'mia@example.com', '1446612588', 'User', 00058, 'Silver'),
('user43', 'password43', 'Henry Foster', '456 Oak St', 'Philadelphia', 'PA', 'USA', 'henry@example.com', '45464654184', 'Employee', 01020, 'Gold'),
('user44', 'password44', 'Mila Simmons', '111 Pine St', 'Minneapolis', 'MN', 'USA', 'mila@example.com', '7874566855', 'User', 00093, 'Gold'),
('user45', 'password45', 'Ava Watson', '789 Elm St', 'Portland', 'OR', 'USA', 'ava@example.com', '884112235', 'Employee', 001256, 'Silver'),
('user46', 'password46', 'Oliver Turner', '123 Elm St', 'Chicago', 'IL', 'USA', 'oliver@example.com', '789456610', 'Employee', 0000225, 'Platinum'),
('user47', 'password47', 'Sophia Moore', '456 Oak St', 'San Francisco', 'CA', 'USA', 'sophia@example.com', '9248675', 'User', 0000025, 'Silver'),
('user48', 'password48', 'Lucas Harris', '789 Pine St', 'Boston', 'MA', 'USA', 'lucas@example.com', '14512365', 'User', 0124, 'Gold'),
('user49', 'password49', 'Emma Scott', '987 Oak St', 'Austin', 'TX', 'USA', 'emma@example.com', '74156328', 'Employee', 0125, 'Silver'),
('user50', 'password50', 'William King', '111 Elm St', 'Denver', 'CO', 'USA', 'william@example.com', '878896354', 'User', 0126, 'Platinum'),
('user51', 'password51', 'Charlotte Adams', '123 Pine St', 'New York', 'NY', 'USA', 'charlotte@example.com', '0127', 'Employee', 87654, 'Gold'),
('user52', 'password52', 'Ava James', '789 Elm St', 'Los Angeles', 'CA', 'USA', 'ava@example.com', '54681541812', 'User', 041, 'Silver'),
('user53', 'password53', 'Henry Walker', '456 Oak St', 'Nashville', 'TN', 'USA', 'henry@example.com', '1245789', 'User', 045, 'Platinum'),
('user54', 'password54', 'Mia Adams', '111 Elm St', 'Houston', 'TX', 'USA', 'mia@example.com', '147889525', 'Employee', 046, 'Gold'),
('user55', 'password55', 'Liam White', '789 Elm St', 'San Antonio', 'TX', 'USA', 'liam@example.com', '123478215', 'User', 047, 'Silver'),
('user56', 'password56', 'Charlotte Smith', '123 Main St', 'Philadelphia', 'PA', 'USA', 'charlotte@example.com', '1241560', 'User', 048, 'Gold'),
('user57', 'password57', 'James Johnson', '456 Elm St', 'Phoenix', 'AZ', 'USA', 'james@example.com', '9876543210', 'Employee', 0488, 'Silver'),
('user58', 'password58', 'Scarlett Garcia', '789 Oak St', 'Los Angeles', 'CA', 'USA', 'scarlett@example.com', '5512345', 'User', 04889, 'Platinum'),
('user59', 'password59', 'Oliver Martinez', '987 Pine St', 'San Diego', 'CA', 'USA', 'oliver@example.com', '777565677', 'User', 048899, 'Platinum'),
('user60', 'password60', 'Lily Hernandez', '111 Elm St', 'Seattle', 'WA', 'USA', 'lily@example.com', '6565656', 'User', 044899, 'Gold'),
('user61', 'password61', 'Henry Perez', '123 Pine St', 'San Francisco', 'CA', 'USA', 'henry@example.com', '8781444', 'Employee', 0481235, 'Silver'),
('user62', 'password62', 'Ava Wilson', '789 Elm St', 'Denver', 'CO', 'USA', 'ava@example.com', '1010101010', 'User', 28978, 'Gold'),
('user63', 'password63', 'Ethan Davis', '456 Oak St', 'Houston', 'TX', 'USA', 'ethan@example.com', '7777777777', 'User', 11111, 'Platinum'),
('user64', 'password64', 'Mila Smith', '111 Elm St', 'Austin', 'TX', 'USA', 'mila@example.com', '6448666', 'Employee', 11112, 'Gold'),
('user65', 'password65', 'Jack Anderson', '789 Elm St', 'Chicago', 'IL', 'USA', 'jack@example.com', '5510105', 'User', 11113, 'Gold'),
('user66', 'password66', 'Aiden Mitchell', '123 Main St', 'San Antonio', 'TX', 'USA', 'aiden@example.com', '123496478', 'User', 11114, 'Gold'),
('user67', 'password67', 'Aria Clark', '456 Elm St', 'Portland', 'OR', 'USA', 'aria@example.com', '98761010', 'Employee', 11115, 'Silver'),
('user68', 'password68', 'Carter Hall', '789 Oak St', 'Las Vegas', 'NV', 'USA', 'carter@example.com', '5555584755', 'User', 11116, 'Platinum'),
('user69', 'password69', 'Grace Turner', '987 Pine St', 'New Orleans', 'LA', 'USA', 'grace@example.com', '777771477', 'User', 11117, 'Platinum'),
('user70', 'password70', 'Ella Morris', '111 Elm St', 'Detroit', 'MI', 'USA', 'ella@example.com', '6666666809', 'User', 11118, 'Gold'),
('user71', 'password71', 'Henry Lewis', '123 Pine St', 'San Jose', 'CA', 'USA', 'henry@example.com', '444444706', 'Employee', 11119, 'Silver'),
('user72', 'password72', 'Liam King', '789 Elm St', 'Salt Lake City', 'UT', 'USA', 'liam@example.com', '555555444', 'User', 11120, 'Gold'),
('user73', 'password73', 'Olivia Adams', '456 Oak St', 'Fort Worth', 'TX', 'USA', 'olivia@example.com', '7777777333', 'User', 11121, 'Platinum'),
('user74', 'password74', 'Mila Walker', '111 Elm St', 'Raleigh', 'NC', 'USA', 'mila@example.com', '6647866', 'Employee', 11122, 'Gold'),
('user75', 'password75', 'Noah Baker', '789 Elm St', 'Albuquerque', 'NM', 'USA', 'noah@example.com', '557416566', 'User', 11123, 'Gold'),
('user76', 'password76', 'Lucas Reed', '123 Main St', 'Memphis', 'TN', 'USA', 'lucas@example.com', '713002002', 'User', 11124, 'Gold'),
('user77', 'password77', 'Ella Mitchell', '456 Elm St', 'Honolulu', 'HI', 'USA', 'ella@example.com', '7491386', 'Employee', 11125, 'Gold'),
('user78', 'password78', 'James Wright', '789 Oak St', 'Tulsa', 'OK', 'USA', 'james@example.com', '7409845', 'User', 11126, 'Gold'),
('user79', 'password79', 'Sophia Turner', '987 Pine St', 'El Paso', 'TX', 'USA', 'sophia@example.com', '78961235', 'User', 11127, 'Platinum'),
('user80', 'password80', 'Mia Scott', '111 Elm St', 'Boise', 'ID', 'USA', 'mia@example.com', '7891234', 'User', 11128, 'Gold'),
('user81', 'password81', 'Oliver Baker', '123 Pine St', 'Greensboro', 'NC', 'USA', 'oliver@example.com', '3697852', 'Employee', 11129, 'Silver'),
('user82', 'password82', 'Ava King', '789 Elm St', 'Tucson', 'AZ', 'USA', 'ava@example.com', '741369', 'User', 11130, 'Gold'),
('user83', 'password83', 'Liam Morris', '456 Oak St', 'Warwick', 'RI', 'USA', 'liam@example.com', '7418526', 'User', 11131, 'Platinum'),
('user84', 'password84', 'Isabella Adams', '111 Elm St', 'Syracuse', 'NY', 'USA', 'isabella@example.com', '6741852', 'Employee', 11132, 'Gold'),
('user85', 'password85', 'Noah Parker', '789 Elm St', 'Grand Rapids', 'MI', 'USA', 'noah@example.com', '852963', 'User', 11133, 'Gold'),
('user86', 'password86', 'Charlotte Turner', '123 Main St', 'Reno', 'NV', 'USA', 'charlotte@example.com', '78411111', 'User', 11134, 'Gold'),
('user87', 'password87', 'Jack Lewis', '456 Elm St', 'Burlington', 'VT', 'USA', 'jack@example.com', '2333333', 'Employee', 11135, 'Gold'),
('user88', 'password88', 'Aria King', '789 Oak St', 'Knoxville', 'TN', 'USA', 'aria@example.com', '32222222', 'User', 11136, 'Platinum'),
('user89', 'password89', 'Lucas Allen', '987 Pine St', 'Greer', 'SC', 'USA', 'lucas@example.com', '45665666', 'User', 11137, 'Platinum'),
('user90', 'password90', 'Ava Hall', '111 Elm St', 'Rochester', 'MN', 'USA', 'ava@example.com', '899999999', 'User', 11138, 'Gold'),
('user91', 'password91', 'Henry Davis', '123 Pine St', 'Worcester', 'MA', 'USA', 'henry@example.com', '78898999', 'Employee', 11139, 'Silver'),
('user92', 'password92', 'Mila White', '789 Elm St', 'Bangor', 'ME', 'USA', 'mila@example.com', '12333335', 'User', 11140, 'Gold'),
('user93', 'password93', 'Oliver Wright', '456 Oak St', 'Eugene', 'OR', 'USA', 'oliver@example.com', '511111115', 'User', 11141, 'Platinum'),
('user94', 'password94', 'Liam Perez', '111 Elm St', 'Little Rock', 'AR', 'USA', 'liam@example.com', '6111116', 'Employee', 11142, 'Gold'),
('user95', 'password95', 'Ella Baker', '789 Elm St', 'Roanoke', 'VA', 'USA', 'ella@example.com', '41125266', 'User', 11143, 'Gold'),
('user96', 'password96', 'Ethan Harris', '123 Main St', 'Huntsville', 'AL', 'USA', 'ethan@example.com', '45454544510', 'User', 11143, 'Gold'),
('user97', 'password97', 'Ava Martin', '456 Elm St', 'McAllen', 'TX', 'USA', 'ava@example.com', '89894545', 'Employee', 11144, 'Gold'),
('user98', 'password98', 'Olivia Turner', '789 Oak St', 'Clearwater', 'FL', 'USA', 'olivia@example.com', '7895555', 'User', 11145, 'Gold'),
('user99', 'password99', 'Liam Clark', '987 Pine St', 'Amarillo', 'TX', 'USA', 'liam@example.com', '77115632', 'User', 11146, 'Gold'),
('user100', 'password100', 'Mia Lewis', '111 Elm St', 'Rapid City', 'SD', 'USA', 'mia@example.com', '22233344', 'User', 11147, 'Gold');

-- Insert data into the 'Airline' table
INSERT INTO `mydb`.`Airline` (`AirlineCode`, `Description`, `PlaneType`, `MaxPassenger`, `Year`, `MaxloadCapacity`) 
VALUES 
('AA1', 'American Airlines', 'Boeing 737', 150, 2022, 20000),
('AA2', 'American Airlines', 'Boeing 787', 210, 2023, 22000),
('AA3', 'American Airlines', 'Boeing 787', 210, 2022, 22000),
('AA4', 'American Airlines', 'Airbus A350', 200, 2023, 24000),
('DL1', 'Delta Airlines', 'Airbus A320', 180, 2023, 22000),
('DL2', 'Delta Airlines', 'Boeing 737', 160, 2022, 20000),
('DL3', 'Delta Airlines', 'Airbus A321', 190, 2023, 21000),
('DL4', 'Delta Airlines', 'Boeing 777', 220, 2022, 23000),
('DL5', 'Delta Airlines', 'Boeing 787', 210, 2022, 22000),
('UA1', 'United Airlines', 'Boeing 787', 200, 2022, 21000),
('UA2', 'United Airlines', 'Boeing 737', 150, 2022, 20000),
('UA3', 'United Airlines', 'Airbus A320', 160, 2023, 21000),
('UA4', 'United Airlines', 'Boeing 777', 220, 2023, 23000),
('UA5', 'United Airlines', 'Airbus A350', 190, 2023, 24000),
('BA', 'British Airways', 'Boeing 777', 220, 2023, 23000),
('LH', 'Lufthansa', 'Airbus A350', 190, 2023, 22000),
('AF', 'Air France', 'Airbus A380', 250, 2022, 24000),
('EM', 'Emirates', 'Boeing 777', 300, 2022, 25000),
('SQ', 'Singapore Airlines', 'Airbus A350', 220, 2023, 23000),
('SW', 'Southwest Airlines', 'Boeing 737', 160, 2023, 18000),
('WN1', 'Southwest Airlines', 'Boeing 737', 175, 2022, 19000),
('WN2', 'Southwest Airlines', 'Boeing 737', 175, 2023, 19000),
('JL', 'Japan Airlines', 'Boeing 777', 230, 2022, 24000),
('TK', 'Turkish Airlines', 'Airbus A321', 170, 2023, 20000),
('EK', 'Emirates', 'Airbus A380', 500, 2022, 28000),
('CX', 'Cathay Pacific', 'Boeing 777', 260, 2023, 25000),
('WN', 'Southwest Airlines', 'Boeing 737', 175, 2022, 19000),
('B1', 'JetBlue Airways', 'Airbus A321', 200, 2023, 21000),
('B2', 'JetBlue Airways', 'Embraer E190', 100, 2022, 12000),
('AS1', 'Alaska Airlines', 'Boeing 737', 160, 2023, 18000),
('AS2', 'Alaska Airlines', 'Airbus A321', 190, 2022, 21000),
('F9', 'Frontier Airlines', 'Airbus A320', 190, 2022, 20000),
('HA', 'Hawaiian Airlines', 'Airbus A330', 250, 2022, 22000),
('NK1', 'Spirit Airlines', 'Airbus A320', 190, 2023, 21000),
('NK2', 'Spirit Airlines', 'Airbus A319', 140, 2023, 15000),
('G4', 'Allegiant Air', 'Airbus A320', 180, 2023, 20000),
('SY', 'Sun Country Airlines', 'Boeing 737', 160, 2022, 19000),
('B9', 'Swift Air', 'Boeing 737', 160, 2023, 18000),
('VX', 'Virgin America', 'Airbus A320', 190, 2022, 20000);



-- Insert data into the 'Airport' table
INSERT INTO `mydb`.`Airport` (`AirportCode`, `Address`, `City`, `State`, `Country`, `Terminal`) 
VALUES 
('LAX', 'Los Angeles International Airport', 'Los Angeles', 'CA', 'USA', 'Terminal A-Z'),
('JFK', 'John F. Kennedy International Airport', 'New York', 'NY', 'USA', 'Terminal 1-9'),
('DFW', 'Dallas/Fort Worth International Airport', 'Dallas', 'TX', 'USA', 'Terminal A-D'),
('ORD', 'Chicago OHare International Airport', 'Chicago', 'IL', 'USA', 'Terminal 1-5'),
('ATL', 'HJA International Airport', 'Atlanta', 'GA', 'USA', 'Terminal A-F'),
('DEN', 'Denver International Airport', 'Denver', 'CO', 'USA', 'Terminal A-Z'),
('MCO', 'Orlando International Airport', 'Orlando', 'FL', 'USA', 'Terminal A-C'),
('LAS', 'McCarran International Airport', 'Las Vegas', 'NV', 'USA', 'Terminal 1-3'),
('PHX', 'Phoenix Sky Harbor International Airport', 'Phoenix', 'AZ', 'USA', 'Terminal 2-4'),
('SFO', 'San Francisco International Airport', 'San Francisco', 'CA', 'USA', 'Terminal 1-3'),
('SEA', 'Seattle-Tacoma International Airport', 'Seattle', 'WA', 'USA', 'Terminal A-N'),
('MIA', 'Miami International Airport', 'Miami', 'FL', 'USA', 'Terminal A-J'),
('BOS', 'Logan International Airport', 'Boston', 'MA', 'USA', 'Terminal A-E'),
('IAH', 'George Bush Intercontinental Airport', 'Houston', 'TX', 'USA', 'Terminal A-D'),
('MSP', 'Minneapolis-Saint Paul International Airport', 'Minneapolis', 'MN', 'USA', 'Terminal 1-2'),
('DTW', 'Detroit Metropolitan Wayne County Airport', 'Detroit', 'MI', 'USA', 'McNamara Terminal'),
('PHL', 'Philadelphia International Airport', 'Philadelphia', 'PA', 'USA', 'Terminal A-F'),
('JAX', 'Jacksonville International Airport', 'Jacksonville', 'FL', 'USA', 'Main Terminal'),
('CLT', 'Charlotte Douglas International Airport', 'Charlotte', 'NC', 'USA', 'Concourses A-E'),
('SJC', 'NYMSJ International Airport', 'San Jose', 'CA', 'USA', 'Terminal A-B'),
('SLC', 'SLC International Airport', 'Salt Lake City', 'UT', 'USA', 'Terminal 1-2'),
('PDX', 'Portland International Airport', 'Portland', 'OR', 'USA', 'Concourses A-C'),
('BWI', 'Balt/Wash International TM Airport', 'Baltimore', 'MD', 'USA', 'Concourses A-E'),
('MSY', 'LA New Orleans International Airport', 'New Orleans', 'LA', 'USA', 'Concourse A-B'),
('HNL', 'DKI International Airport', 'Honolulu', 'HI', 'USA', 'Terminal 1-3'),
('RSW', 'SW Florida International Airport', 'Fort Myers', 'FL', 'USA', 'Concourse B'),
('ANC', 'TS Anchorage International Airport', 'Anchorage', 'AK', 'USA', 'North Terminal'),
('SDF', 'LMA International Airport', 'Louisville', 'KY', 'USA', 'Terminal A-B'),
('MEM', 'Memphis International Airport', 'Memphis', 'TN', 'USA', 'Concourse A-C'),
('BNA', 'Nashville International Airport', 'Nashville', 'TN', 'USA', 'Concourse A-C'),
('RDU', 'Raleigh-Durham International Airport', 'Raleigh', 'NC', 'USA', 'Terminal 1-2'),
('CMH', 'John Glenn Columbus International Airport', 'Columbus', 'OH', 'USA', 'Concourses A-C'),
('SNA', 'John Wayne Airport', 'Santa Ana', 'CA', 'USA', 'Terminals A-B'),
('MCI', 'Kansas City International Airport', 'Kansas City', 'MO', 'USA', 'Terminal A-B'),
('CVG', 'Cincinnati/Northern Kentucky International Airport', 'Covington', 'KY', 'USA', 'Concourses A-C'),
('RNO', 'Reno-Tahoe International Airport', 'Reno', 'NV', 'USA', 'Terminal B-C'),
('PWM', 'Portland International Jetport', 'Portland', 'ME', 'USA', 'Main Terminal'),
('BSA', 'Boise Airport', 'Boise', 'ID', 'USA', 'Concourse A-B'),
('PTI', 'Piedmont Triad International Airport', 'Greensboro', 'NC', 'USA', 'Concourse A-C'),
('TIA', 'Tucson International Airport', 'Tucson', 'AZ', 'USA', 'Main Terminal'),
('PVD', 'T.F. Green Airport', 'Warwick', 'RI', 'USA', 'Concourse A-B'),
('SHI', 'Syracuse Hancock International Airport', 'Syracuse', 'NY', 'USA', 'Main Terminal'),
('GRF', 'Gerald R. Ford International Airport', 'Grand Rapids', 'MI', 'USA', 'Concourse A-B'),
('DAY', 'Dayton International Airport', 'Dayton', 'OH', 'USA', 'Concourses A-B'),
('JMA', 'Jackson-Medgar Wiley Evers International Airport', 'Jackson', 'MS', 'USA', 'Main Terminal'),
('HBA', 'Hollywood Burbank Airport', 'Burbank', 'CA', 'USA', 'Terminal A-B'),
('RIA', 'Richmond International Airport', 'Richmond', 'VA', 'USA', 'Concourses A-C'),
('LGB', 'Long Beach Airport', 'Long Beach', 'CA', 'USA', 'Main Terminal'),
('TUL', 'Tulsa International Airport', 'Tulsa', 'OK', 'USA', 'Concourses A-B'),
('ELP', 'El Paso International Airport', 'El Paso', 'TX', 'USA', 'Main Terminal'),
('GMI', 'General Mitchell International Airport', 'Milwaukee', 'WI', 'USA', 'Concourse D'),
('PBI', 'Palm Beach International Airport', 'West Palm Beach', 'FL', 'USA', 'Concourses A-B'),
('ABI', 'Austin-Bergstrom International Airport', 'Austin', 'TX', 'USA', 'Main Terminal'),
('IND', 'Indianapolis International Airport', 'Indianapolis', 'IN', 'USA', 'Terminal A-B'),
('MHT', 'Manchester-Boston Regional Airport', 'Manchester', 'NH', 'USA', 'Main Terminal'),
('PSP', 'Palm Springs International Airport', 'Palm Springs', 'CA', 'USA', 'Main Terminal'),
('DSM', 'Des Moines International Airport', 'Des Moines', 'IA', 'USA', 'Main Terminal'),
('BIA', 'Burlington International Airport', 'Burlington', 'VT', 'USA', 'Main Terminal'),
('TYS', 'McGhee Tyson Airport', 'Knoxville', 'TN', 'USA', 'Concourse A-B'),
('GSP', 'Greenville-Spartanburg International Airport', 'Greer', 'SC', 'USA', 'Main Terminal'),
('RST', 'Rochester International Airport', 'Rochester', 'MN', 'USA', 'Main Terminal'),
('WRA', 'Worcester Regional Airport', 'Worcester', 'MA', 'USA', 'Main Terminal'),
('BGR', 'Bangor International Airport', 'Bangor', 'ME', 'USA', 'Main Terminal'),
('EUG', 'Eugene Airport', 'Eugene', 'OR', 'USA', 'Main Terminal'),
('BHC', 'Bill and Hillary Clinton National Airport', 'Little Rock', 'AR', 'USA', 'Main Terminal'),
('ROA', 'Roanoke-Blacksburg Regional Airport', 'Roanoke', 'VA', 'USA', 'Main Terminal'),
('HSV', 'Huntsville International Airport', 'Huntsville', 'AL', 'USA', 'Main Terminal'),
('MFE', 'McAllen Miller International Airport', 'McAllen', 'TX', 'USA', 'Main Terminal'),
('GSO', 'Piedmont Triad International Airport', 'Greensboro', 'NC', 'USA', 'Concourses A-C'),
('TUS', 'Tucson International Airport', 'Tucson', 'AZ', 'USA', 'Main Terminal'),
('TFG', 'T.F. Green Airport', 'Warwick', 'RI', 'USA', 'Concourse A-B'),
('SYR', 'Syracuse Hancock International Airport', 'Syracuse', 'NY', 'USA', 'Main Terminal'),
('GRR', 'Gerald R. Ford International Airport', 'Grand Rapids', 'MI', 'USA', 'Concourse A-B'),
('JAN', 'Jackson-Medgar Wiley Evers International Airport', 'Jackson', 'MS', 'USA', 'Main Terminal'),
('BUR', 'Hollywood Burbank Airport', 'Burbank', 'CA', 'USA', 'Terminal A-B'),
('RIC', 'Richmond International Airport', 'Richmond', 'VA', 'USA', 'Concourses A-C'),
('PIJ', 'Portland International Jetport', 'Portland', 'ME', 'USA', 'Main Terminal'),
('BOI', 'Boise Airport', 'Boise', 'ID', 'USA', 'Concourse A-B'),
('EA', 'Eppley Airfield', 'Omaha', 'NE', 'USA', 'Main Terminal'),
('ABQ', 'Albuquerque International Sunport', 'Albuquerque', 'NM', 'USA', 'Terminal A-B'),
('BTV', 'Burlington International Airport', 'Burlington', 'VT', 'USA', 'Main Terminal'),
('PIE', 'St. Pete-Clearwater International Airport', 'Clearwater', 'FL', 'USA', 'Main Terminal'),
('AMA', 'Rick Husband Amarillo International Airport', 'Amarillo', 'TX', 'USA', 'Main Terminal'),
('RAP', 'Rapid City Regional Airport', 'Rapid City', 'SD', 'USA', 'Main Terminal'),
('SGF', 'Springfield-Branson National Airport', 'Springfield', 'MO', 'USA', 'Main Terminal');




-- Insert data into the 'Booking' table
INSERT INTO `mydb`.`Booking` (`BookingCode`,  `Class_type`, `Insurance`, `Totalcost`, `BookingDate`, `IsRefundable`,  `User_UserID`)
VALUES 
('BOOK001',  'Business', 20.00, 300.00, '2023-11-03', 1,  'user1'),
('BOOK002', 'Economy', 10.00, 150.00, '2023-11-04', 0,  'user2'),
('BOOK003',  'Economy', 5.00, 100.00, '2023-11-05', 1,  'user3'),
('BOOK004',  'Business', 25.00, 350.00, '2023-11-06', 0,  'user4'),
('BOOK005',  'Economy', 50.00, 200.00, '2023-11-08', 1,  'user5'),
('BOOK006',  'Economy', 100.00, 600.00, '2023-11-10', 1,  'user3'),
('BOOK007', 'Business', 20.00, 300.00, '2023-07-10', 1, 'user6'),
('BOOK008', 'Economy', 10.00, 150.00, '2023-08-25', 0, 'user7'),
('BOOK009', 'Economy', 5.00, 100.00, '2023-09-08', 1, 'user8'),
('BOOK010', 'Business', 25.00, 350.00, '2023-10-15', 0, 'user9'),
('BOOK011', 'Economy', 50.00, 200.00, '2023-11-04', 1, 'user10'),
('BOOK012', 'Business', 20.00, 300.00, '2023-01-15', 1, 'user11'),
('BOOK013', 'Economy', 10.00, 150.00, '2023-02-20', 0, 'user12'),
('BOOK014', 'Economy', 5.00, 100.00, '2023-03-25', 1, 'user13'),
('BOOK015', 'Business', 25.00, 350.00, '2023-04-30', 0, 'user14'),
('BOOK016', 'Economy', 50.00, 200.00, '2023-05-10', 1, 'user15'),
('BOOK017', 'Economy', 100.00, 600.00, '2023-06-15', 1, 'user18'),
('BOOK018', 'Business', 20.00, 300.00, '2023-07-20', 1, 'user17'),
('BOOK019', 'Economy', 10.00, 150.00, '2023-08-25', 0, 'user18'),
('BOOK020', 'Economy', 5.00, 100.00, '2023-09-30', 1, 'user14'),
('BOOK021', 'Business', 25.00, 350.00, '2023-10-05', 0, 'user20'),
('BOOK022', 'Business', 20.00, 300.00, '2023-01-25', 1, 'user21'),
('BOOK023', 'Economy', 10.00, 150.00, '2023-02-28', 0, 'user22'),
('BOOK024', 'Economy', 5.00, 100.00, '2023-03-15', 1, 'user23'),
('BOOK025', 'Business', 25.00, 350.00, '2023-04-10', 0, 'user24'),
('BOOK026', 'Economy', 50.00, 200.00, '2023-05-20', 1, 'user25'),
('BOOK027', 'Economy', 100.00, 600.00, '2023-06-05', 1, 'user26'),
('BOOK028', 'Business', 20.00, 300.00, '2023-07-15', 1, 'user27'),
('BOOK029', 'Economy', 10.00, 150.00, '2023-08-30', 0, 'user28'),
('BOOK030', 'Economy', 5.00, 100.00, '2023-09-05', 1, 'user29'),
('BOOK031', 'Business', 25.00, 350.00, '2023-10-10', 0, 'user30'),
('BOOK032', 'Economy', 50.00, 200.00, '2023-11-15', 1, 'user31'),
('BOOK033', 'Economy', 100.00, 600.00, '2023-11-20', 1, 'user32'),
('BOOK034', 'Business', 20.00, 300.00, '2023-11-25', 1, 'user33'),
('BOOK035', 'Economy', 10.00, 150.00, '2023-11-30', 0, 'user34'),
('BOOK036', 'Economy', 5.00, 100.00, '2023-12-05', 1, 'user35'),
('BOOK037', 'Business', 25.00, 350.00, '2023-12-10', 0, 'user36'),
('BOOK038', 'Economy', 50.00, 200.00, '2023-12-15', 1, 'user37'),
('BOOK039', 'Economy', 100.00, 600.00, '2023-12-20', 1, 'user38'),
('BOOK040', 'Business', 20.00, 300.00, '2023-12-25', 1, 'user39'),
('BOOK041', 'Economy', 10.00, 150.00, '2023-12-30', 0, 'user40'),
('BOOK042', 'Business', 20.00, 300.00, '2023-01-12', 1, 'user50'),
('BOOK043', 'Economy', 10.00, 150.00, '2023-02-18', 0, 'user88'),
('BOOK044', 'Economy', 5.00, 100.00, '2023-03-22', 1, 'user65'),
('BOOK045', 'Business', 25.00, 350.00, '2023-04-27', 0, 'user73'),
('BOOK046', 'Economy', 50.00, 200.00, '2023-05-09', 1, 'user57'),
('BOOK047', 'Economy', 100.00, 600.00, '2023-06-16', 1, 'user86'),
('BOOK048', 'Business', 20.00, 300.00, '2023-07-14', 1, 'user60'),
('BOOK049', 'Economy', 10.00, 150.00, '2023-08-29', 0, 'user79'),
('BOOK050', 'Economy', 5.00, 100.00, '2023-09-06', 1, 'user94'),
('BOOK051', 'Business', 25.00, 350.00, '2023-10-11', 0, 'user78'),
('BOOK052', 'Economy', 50.00, 200.00, '2023-11-14', 1, 'user95'),
('BOOK053', 'Economy', 100.00, 600.00, '2023-11-17', 1, 'user70'),
('BOOK054', 'Business', 20.00, 300.00, '2023-11-20', 1, 'user81'),
('BOOK055', 'Economy', 10.00, 150.00, '2023-11-23', 0, 'user91'),
('BOOK056', 'Economy', 5.00, 100.00, '2023-11-26', 1, 'user84'),
('BOOK057', 'Business', 25.00, 350.00, '2023-11-29', 0, 'user97'),
('BOOK058', 'Economy', 50.00, 200.00, '2023-12-02', 1, 'user75'),
('BOOK059', 'Economy', 100.00, 600.00, '2023-12-05', 1, 'user99'),
('BOOK060', 'Business', 20.00, 300.00, '2023-12-08', 1, 'user63'),
('BOOK061', 'Economy', 10.00, 150.00, '2023-12-11', 0, 'user76'),
('BOOK062', 'Economy', 5.00, 100.00, '2023-12-14', 1, 'user92'),
('BOOK063', 'Business', 20.00, 300.00, '2023-01-19', 1, 'user71'),
('BOOK064', 'Economy', 10.00, 150.00, '2023-02-22', 0, 'user55'),
('BOOK065', 'Economy', 5.00, 100.00, '2023-03-25', 1, 'user77'),
('BOOK066', 'Business', 25.00, 350.00, '2023-04-28', 0, 'user85'),
('BOOK067', 'Economy', 50.00, 200.00, '2023-05-08', 1, 'user72'),
('BOOK068', 'Economy', 100.00, 600.00, '2023-06-12', 1, 'user64'),
('BOOK069', 'Business', 20.00, 300.00, '2023-07-17', 1, 'user74'),
('BOOK070', 'Economy', 10.00, 150.00, '2023-08-27', 0, 'user89'),
('BOOK071', 'Economy', 5.00, 100.00, '2023-09-09', 1, 'user80'),
('BOOK072', 'Business', 25.00, 350.00, '2023-10-12', 0, 'user96'),
('BOOK073', 'Economy', 50.00, 200.00, '2023-11-16', 1, 'user61'),
('BOOK074', 'Economy', 100.00, 600.00, '2023-11-19', 1, 'user93'),
('BOOK075', 'Business', 20.00, 300.00, '2023-11-22', 1, 'user68'),
('BOOK076', 'Economy', 10.00, 150.00, '2023-11-25', 0, 'user82'),
('BOOK077', 'Economy', 5.00, 100.00, '2023-11-28', 1, 'user67'),
('BOOK078', 'Business', 25.00, 350.00, '2023-12-01', 0, 'user69'),
('BOOK079', 'Economy', 50.00, 200.00, '2023-12-04', 1, 'user87'),
('BOOK080', 'Economy', 100.00, 600.00, '2023-12-07', 1, 'user98'),
('BOOK081', 'Business', 20.00, 300.00, '2023-12-10', 1, 'user83'),
('BOOK082', 'Economy', 10.00, 150.00, '2023-12-13', 0, 'user66'),
('BOOK083', 'Economy', 5.00, 100.00, '2023-12-16', 1, 'user90'),
('BOOK084', 'Business', 20.00, 300.00, '2023-01-22', 1, 'user76'),
('BOOK085', 'Economy', 10.00, 150.00, '2023-02-27', 0, 'user94'),
('BOOK086', 'Economy', 5.00, 100.00, '2023-03-30', 1, 'user68'),
('BOOK087', 'Business', 25.00, 350.00, '2023-04-03', 0, 'user92'),
('BOOK088', 'Economy', 50.00, 200.00, '2023-05-12', 1, 'user79'),
('BOOK089', 'Economy', 100.00, 600.00, '2023-06-18', 1, 'user81'),
('BOOK090', 'Business', 20.00, 300.00, '2023-07-25', 1, 'user85'),
('BOOK091', 'Economy', 10.00, 150.00, '2023-08-21', 0, 'user99'),
('BOOK092', 'Economy', 5.00, 100.00, '2023-09-01', 1, 'user73'),
('BOOK093', 'Business', 25.00, 350.00, '2023-10-05', 0, 'user87'),
('BOOK094', 'Business', 20.00, 300.00, '2023-01-25', 1, 'user58'),
('BOOK095', 'Economy', 10.00, 150.00, '2023-02-27', 0, 'user91'),
('BOOK096', 'Economy', 5.00, 100.00, '2023-03-30', 1, 'user66'),
('BOOK097', 'Business', 25.00, 350.00, '2023-04-05', 0, 'user72'),
('BOOK098', 'Economy', 50.00, 200.00, '2023-05-15', 1, 'user63'),
('BOOK099', 'Economy', 100.00, 600.00, '2023-06-18', 1, 'user84'),
('BOOK100', 'Business', 20.00, 300.00, '2023-07-22', 1, 'user89'),
('BOOK101', 'Economy', 10.00, 150.00, '2023-08-29', 0, 'user60'),
('BOOK102', 'Economy', 5.00, 100.00, '2023-09-03', 1, 'user95'),
('BOOK103', 'Business', 25.00, 350.00, '2023-10-07', 0, 'user78'),
('BOOK104', 'Economy', 50.00, 200.00, '2023-11-14', 1, 'user64'),
('BOOK105', 'Economy', 100.00, 600.00, '2023-11-18', 1, 'user82'),
('BOOK106', 'Business', 20.00, 300.00, '2023-11-23', 1, 'user56'),
('BOOK107', 'Economy', 10.00, 150.00, '2023-11-26', 0, 'user77'),
('BOOK108', 'Economy', 5.00, 100.00, '2023-11-29', 1, 'user61'),
('BOOK109', 'Business', 25.00, 350.00, '2023-12-02', 0, 'user93'),
('BOOK110', 'Economy', 50.00, 200.00, '2023-12-05', 1, 'user90'),
('BOOK111', 'Economy', 100.00, 600.00, '2023-12-08', 1, 'user67'),
('BOOK112', 'Business', 20.00, 300.00, '2023-12-11', 1, 'user88'),
('BOOK113', 'Economy', 10.00, 150.00, '2023-12-14', 0, 'user71'),
('BOOK114', 'Economy', 5.00, 100.00, '2023-12-17', 1, 'user97'),
('BOOK115', 'Business', 20.00, 300.00, '2023-01-29', 1, 'user24'),
('BOOK116', 'Economy', 10.00, 150.00, '2023-02-28', 0, 'user22'),
('BOOK117', 'Economy', 5.00, 100.00, '2023-03-31', 1, 'user18'),
('BOOK118', 'Business', 25.00, 350.00, '2023-04-06', 0, 'user12'),
('BOOK119', 'Economy', 50.00, 200.00, '2023-05-16', 1, 'user26'),
('BOOK120', 'Economy', 100.00, 600.00, '2023-06-19', 1, 'user38'),
('BOOK121', 'Business', 20.00, 300.00, '2023-07-23', 1, 'user30'),
('BOOK122', 'Economy', 10.00, 150.00, '2023-08-30', 0, 'user47'),
('BOOK123', 'Economy', 5.00, 100.00, '2023-09-04', 1, 'user3'),
('BOOK124', 'Business', 25.00, 350.00, '2023-10-08', 0, 'user41'),
('BOOK125', 'Economy', 50.00, 200.00, '2023-11-15', 1, 'user44'),
('BOOK126', 'Economy', 100.00, 600.00, '2023-11-20', 1, 'user28'),
('BOOK127', 'Business', 20.00, 300.00, '2023-11-24', 1, 'user31'),
('BOOK128', 'Economy', 10.00, 150.00, '2023-11-27', 0, 'user35'),
('BOOK129', 'Economy', 5.00, 100.00, '2023-11-30', 1, 'user39'),
('BOOK130', 'Business', 25.00, 350.00, '2023-12-03', 0, 'user42'),
('BOOK131', 'Economy', 50.00, 200.00, '2023-12-06', 1, 'user45'),
('BOOK132', 'Economy', 100.00, 600.00, '2023-12-09', 1, 'user48'),
('BOOK133', 'Business', 20.00, 300.00, '2023-12-12', 1, 'user51'),
('BOOK134', 'Economy', 10.00, 150.00, '2023-12-15', 0, 'user54'),
('BOOK135', 'Economy', 5.00, 100.00, '2023-12-18', 1, 'user57'),
('BOOK136', 'Business', 20.00, 300.00, '2023-01-30', 1, 'user16'),
('BOOK137', 'Economy', 10.00, 150.00, '2023-02-05', 0, 'user31'),
('BOOK138', 'Economy', 5.00, 100.00, '2023-03-10', 1, 'user48'),
('BOOK139', 'Business', 25.00, 350.00, '2023-04-16', 0, 'user61'),
('BOOK140', 'Economy', 50.00, 200.00, '2023-05-20', 1, 'user74'),
('BOOK141', 'Economy', 100.00, 600.00, '2023-06-24', 1, 'user88'),
('BOOK142', 'Business', 20.00, 300.00, '2023-07-29', 1, 'user99'),
('BOOK143', 'Economy', 10.00, 150.00, '2023-08-04', 0, 'user15'),
('BOOK144', 'Economy', 5.00, 100.00, '2023-09-09', 1, 'user27'),
('BOOK145', 'Business', 25.00, 350.00, '2023-10-15', 0, 'user42'),
('BOOK146', 'Economy', 50.00, 200.00, '2023-11-21', 1, 'user59'),
('BOOK147', 'Economy', 100.00, 600.00, '2023-11-26', 1, 'user78'),
('BOOK148', 'Business', 20.00, 300.00, '2023-11-30', 1, 'user22'),
('BOOK149', 'Economy', 10.00, 150.00, '2023-12-04', 0, 'user39'),
('BOOK150', 'Economy', 5.00, 100.00, '2023-12-08', 1, 'user58');

--- Trigger
DELIMITER //

CREATE TRIGGER update_line_total
AFTER INSERT ON ticket
FOR EACH ROW
BEGIN
UPDATE booking
SET totalcost = (
SELECT SUM(costline)
FROM ticket
WHERE Booking_BookingCode = NEW.Booking_BookingCode
)
WHERE BookingCode = NEW.Booking_BookingCode;
END //
DELIMITER ;


-- Insert data into the 'Itinerary' table
INSERT INTO `mydb`.`Itinerary` (`ItineraryId`, `ItinerarySequence`, `AirlineCode`, `DepartureDatetime`, `DeptAirportCode`, `DeptGate`, `ArrivalAirportCode`, `ArrivalDatetime`, `ArrivalGate`, `ConnectingFlight`, `Check_inStatus`, `BoardingPassGenerated`, `Group`, `Seat`, `LuggageQuantity`,`Booking_BookingCode`)
VALUES 
(1,1,'AA1', '2023-11-05 08:00:00','LAX', 'Gate 1','JFK', '2023-11-05 14:00:00', 'Gate 2',0, 'Checked In',1, 'Group A', '12A',2, 'BOOK001'),
(2,1,'DL2', '2023-11-05 09:30:00','JFK', 'Gate 3','LAX', '2023-11-05 15:30:00', 'Gate 4',0, 'Not Checked In',0, 'Group B', '15C',1, 'BOOK002'),
(3,1,'AA1', '2023-11-06 10:00:00','LAX', 'Gate 3','JFK', '2023-11-06 16:00:00', 'Gate 4',0, 'Not Checked In',0, 'Group A', '10B',1, 'BOOK003'),
(4,1,'DL1', '2023-11-07 11:30:00','JFK', 'Gate 1','LAX', '2023-11-07 17:30:00', 'Gate 2',0, 'Checked In',1, 'Group B', '13A',2, 'BOOK004'),
(5,1,'AA2', '2023-11-08 10:00:00','LAX', 'Gate 3','JFK', '2023-11-08 16:00:00', 'Gate 4',0, 'Not Checked In',0, 'Group A', '10B',1, 'BOOK005'),
(6,1,'AA3', '2023-11-10 10:00:00','JFK', 'Gate 3','DFW', '2023-11-10 13:00:00', 'Gate 2',1, 'Not Checked In',0, 'Group A', '10B',1, 'BOOK006'),
(6,2,'AA2', '2023-11-10 14:30:00','DFW', 'Gate 5','LAX', '2023-11-10 16:30:00', 'Gate 7',1, 'Not Checked In',0, 'Group A', '15A',1, 'BOOK006'),
(7,1,'DL5', '2023-11-23 12:00:00','ORD', 'Gate 6','SFO', '2023-11-23 16:00:00', 'Gate 3',0, 'Checked In',1, 'Group A', '11B',1, 'BOOK007'),
(8,1,'LH', '2023-11-24 14:00:00','SFO', 'Gate 2','ORD', '2023-11-24 18:00:00', 'Gate 5',0, 'Not Checked In',0, 'Group B', '16C',2, 'BOOK008'),
(9,1,'NK1', '2023-11-25 08:00:00','LAX', 'Gate 1','SFO', '2023-11-25 14:00:00', 'Gate 2',0, 'Checked In',1, 'Group A', '12A',2, 'BOOK009'),
(10,1,'NK2', '2023-11-26 09:30:00','ORD', 'Gate 3','LAX', '2023-11-26 15:30:00', 'Gate 4',0, 'Not Checked In',0, 'Group B', '15C',1, 'BOOK010'),
(11,1,'SQ', '2023-11-27 10:00:00','LAX', 'Gate 1','JFK', '2023-11-27 16:00:00', 'Gate 2',0, 'Checked In',1, 'Group A', '12A',2, 'BOOK011'),
(12,1,'SW', '2023-11-28 11:30:00','JFK', 'Gate 3','LAX', '2023-11-28 17:30:00', 'Gate 4',0, 'Not Checked In',0, 'Group B', '15C',1, 'BOOK012'),
(13,1,'SY', '2023-11-29 10:00:00','SFO', 'Gate 4','ORD', '2023-11-29 16:00:00', 'Gate 3',0, 'Checked In',1, 'Group A', '11B',1, 'BOOK013'),
(14,1,'TK', '2023-11-30 14:00:00','ORD', 'Gate 2','SFO', '2023-11-30 18:00:00', 'Gate 5',0, 'Not Checked In',0, 'Group B', '16C',2, 'BOOK014'),
(15,1,'UA1', '2023-12-01 08:00:00','LAX', 'Gate 1','ORD', '2023-12-01 14:00:00', 'Gate 2',0, 'Checked In',1, 'Group A', '12A',2, 'BOOK015'),
(16,1,'UA2', '2023-12-02 09:30:00','ORD', 'Gate 3','LAX', '2023-12-02 15:30:00', 'Gate 4',0, 'Not Checked In',0, 'Group B', '15C',1, 'BOOK016'),
(17,1,'UA3', '2023-12-03 10:00:00','LAX', 'Gate 1','JFK', '2023-12-03 16:00:00', 'Gate 2',0, 'Checked In',1, 'Group A', '12A',2, 'BOOK017'),
(18,1,'UA4', '2023-12-04 11:30:00','JFK', 'Gate 3','LAX', '2023-12-04 17:30:00', 'Gate 4',0, 'Not Checked In',0, 'Group B', '15C',1, 'BOOK018'),
(19,1,'UA5', '2023-12-05 12:00:00','ORD', 'Gate 6','SFO', '2023-12-05 16:00:00', 'Gate 3',0, 'Checked In',1, 'Group A', '11B',1, 'BOOK019'),
(20,1,'VX', '2023-12-06 14:00:00','SFO', 'Gate 2','ORD', '2023-12-06 18:00:00', 'Gate 5',0, 'Not Checked In',0, 'Group B', '16C',2, 'BOOK020'),
(21,1,'DL4', '2023-12-07 08:00:00','LAX', 'Gate 1','SFO', '2023-12-07 14:00:00', 'Gate 2',0, 'Checked In',1, 'Group A', '12A',2, 'BOOK021'),
(22,1,'DL5', '2023-12-08 09:30:00','ORD', 'Gate 3','LAX', '2023-12-08 15:30:00', 'Gate 4',0, 'Not Checked In',0, 'Group B', '15C',1, 'BOOK022'),
(23,1,'EK', '2023-12-09 10:00:00','LAX', 'Gate 1','JFK', '2023-12-09 16:00:00', 'Gate 2',0, 'Checked In',1, 'Group A', '12A',2, 'BOOK023'),
(24,1,'EM', '2023-12-10 11:30:00','JFK', 'Gate 3','LAX', '2023-12-10 17:30:00', 'Gate 4',0, 'Not Checked In',0, 'Group B', '15C',1, 'BOOK024'),
(25,1,'F9', '2023-12-11 10:00:00','SFO', 'Gate 4','ORD', '2023-12-11 16:00:00', 'Gate 3',0, 'Checked In',1, 'Group A', '11B',1, 'BOOK025'),
(26,1,'G4', '2023-12-12 14:00:00','ORD', 'Gate 2','SFO', '2023-12-12 18:00:00', 'Gate 5',0, 'Not Checked In',0, 'Group B', '16C',2, 'BOOK026'),
(27,1,'HA', '2023-12-13 08:00:00','LAX', 'Gate 1','SFO', '2023-12-13 14:00:00', 'Gate 2',0, 'Checked In',1, 'Group A', '12A',2, 'BOOK027'),
(28,1,'JL', '2023-12-14 09:30:00','ORD', 'Gate 3','LAX', '2023-12-14 15:30:00', 'Gate 4',0, 'Not Checked In',0, 'Group B', '15C',1, 'BOOK028'),
(29,1,'LH', '2023-12-15 10:00:00','LAX', 'Gate 1','JFK', '2023-12-15 16:00:00', 'Gate 2',0, 'Checked In',1, 'Group A', '12A',2, 'BOOK029'),
(30,1,'NK1', '2023-12-16 11:30:00','JFK', 'Gate 3','LAX', '2023-12-16 17:30:00', 'Gate 4',0, 'Not Checked In',0, 'Group B', '15C',1, 'BOOK030'),
(31,1,'NK2', '2023-12-17 10:00:00','SFO', 'Gate 4','ORD', '2023-12-17 16:00:00', 'Gate 3',0, 'Checked In',1, 'Group A', '11B',1, 'BOOK031'),
(32,1,'SQ', '2023-12-18 14:00:00','ORD', 'Gate 2','SFO', '2023-12-18 18:00:00', 'Gate 5',0, 'Not Checked In',0, 'Group B', '16C',2, 'BOOK032'),
(33,1,'SW', '2023-12-19 08:00:00','LAX', 'Gate 1','SFO', '2023-12-19 14:00:00', 'Gate 2',0, 'Checked In',1, 'Group A', '12A',2, 'BOOK033'),
(34,1,'SY', '2023-12-20 09:30:00','ORD', 'Gate 3','LAX', '2023-12-20 15:30:00', 'Gate 4',0, 'Not Checked In',0, 'Group B', '15C',1, 'BOOK034'),
(35,1,'AA3', '2023-12-21 10:00:00','LAX', 'Gate 1','JFK', '2023-12-21 16:00:00', 'Gate 2',0, 'Checked In',1, 'Group A', '12A',2, 'BOOK035'),
(36,1,'AA4', '2023-12-22 11:30:00','JFK', 'Gate 3','LAX', '2023-12-22 17:30:00', 'Gate 4',0, 'Not Checked In',0, 'Group B', '15C',1, 'BOOK036'),
(37,1,'AF', '2023-12-23 10:00:00','SFO', 'Gate 4','ORD', '2023-12-23 16:00:00', 'Gate 3',0, 'Checked In',1, 'Group A', '11B',1, 'BOOK037'),
(38,1,'AS1', '2023-12-24 14:00:00','ORD', 'Gate 2','SFO', '2023-12-24 18:00:00', 'Gate 5',0, 'Not Checked In',0, 'Group B', '16C',2, 'BOOK038'),
(39,1,'AS2', '2023-12-25 08:00:00','LAX', 'Gate 1','SFO', '2023-12-25 14:00:00', 'Gate 2',0, 'Checked In',1, 'Group A', '12A',2, 'BOOK039'),
(40,1,'B1', '2023-12-26 09:30:00','ORD', 'Gate 3','LAX', '2023-12-26 15:30:00', 'Gate 4',0, 'Not Checked In',0, 'Group B', '15C',1, 'BOOK040'),
(41,1,'B2', '2023-12-27 10:00:00','LAX', 'Gate 1','JFK', '2023-12-27 16:00:00', 'Gate 2',0, 'Checked In',1, 'Group A', '12A',2, 'BOOK041'),
(42,1,'B9', '2023-12-28 11:30:00','JFK', 'Gate 3','LAX', '2023-12-28 17:30:00', 'Gate 4',0, 'Not Checked In',0, 'Group B', '15C',1, 'BOOK042'),
(43,1,'BA', '2023-12-29 10:00:00','SFO', 'Gate 4','ORD', '2023-12-29 16:00:00', 'Gate 3',0, 'Checked In',1, 'Group A', '11B',1, 'BOOK043'),
(44,1,'CX', '2023-12-30 14:00:00','ORD', 'Gate 2','SFO', '2023-12-30 18:00:00', 'Gate 5',0, 'Not Checked In',0, 'Group B', '16C',2, 'BOOK044'),
(45,1,'DL1', '2023-12-31 08:00:00','LAX', 'Gate 1','SFO', '2024-01-01 14:00:00', 'Gate 2',0, 'Checked In',1, 'Group A', '12A',2, 'BOOK045'),
(46,1,'DL2', '2024-01-02 09:30:00','ORD', 'Gate 3','LAX', '2024-01-02 15:30:00', 'Gate 4',0, 'Not Checked In',0, 'Group B', '15C',1, 'BOOK046'),
(47,1,'DL3', '2024-01-03 10:00:00','LAX', 'Gate 1','JFK', '2024-01-03 16:00:00', 'Gate 2',0, 'Checked In',1, 'Group A', '12A',2, 'BOOK047'),
(48,1,'DL4', '2024-01-04 11:30:00','JFK', 'Gate 3','LAX', '2024-01-04 17:30:00', 'Gate 4',0, 'Not Checked In',0, 'Group B', '15C',1, 'BOOK048'),
(49,1,'DL5', '2024-01-05 10:00:00','SFO', 'Gate 4','ORD', '2024-01-05 16:00:00', 'Gate 3',0, 'Checked In',1, 'Group A', '11B',1, 'BOOK049'),
(50,1,'EK', '2024-01-06 14:00:00','ORD', 'Gate 2','SFO', '2024-01-06 18:00:00', 'Gate 5',0, 'Not Checked In',0, 'Group B', '16C',2, 'BOOK050'),
(51,1,'EM', '2024-01-07 08:00:00','LAX', 'Gate 1','SFO', '2024-01-07 14:00:00', 'Gate 2',0, 'Checked In',1, 'Group A', '12A',2, 'BOOK051'),
(52,1,'UA1', '2024-01-08 09:30:00','ORD', 'Gate 3','LAX', '2024-01-08 15:30:00', 'Gate 4',0, 'Not Checked In',0, 'Group B', '15C',1, 'BOOK052'),
(53,1,'UA2', '2024-01-09 10:00:00','LAX', 'Gate 1','JFK', '2024-01-09 16:00:00', 'Gate 2',0, 'Checked In',1, 'Group A', '12A',2, 'BOOK053'),
(54,1,'UA3', '2024-01-10 11:30:00','JFK', 'Gate 3','LAX', '2024-01-10 17:30:00', 'Gate 4',0, 'Not Checked In',0, 'Group B', '15C',1, 'BOOK054'),
(55,1,'UA4', '2024-01-11 10:00:00','LAX', 'Gate 1','JFK', '2024-01-11 16:00:00', 'Gate 2',0, 'Checked In',1, 'Group A', '12A',2, 'BOOK055'),
(56,1,'UA5', '2024-01-12 11:30:00','JFK', 'Gate 3','LAX', '2024-01-12 17:30:00', 'Gate 4',0, 'Not Checked In',0, 'Group B', '15C',1, 'BOOK056'),
(57,1,'VX', '2024-01-13 10:00:00','SFO', 'Gate 4','ORD', '2024-01-13 16:00:00', 'Gate 3',0, 'Checked In',1, 'Group A', '11B',1, 'BOOK057'),
(58,1,'WN', '2024-01-14 14:00:00','ORD', 'Gate 2','SFO', '2024-01-14 18:00:00', 'Gate 5',0, 'Not Checked In',0, 'Group B', '16C',2, 'BOOK058'),
(59,1,'WN1', '2024-01-15 08:00:00','LAX', 'Gate 1','SFO', '2024-01-15 14:00:00', 'Gate 2',0, 'Checked In',1, 'Group A', '12A',2, 'BOOK059'),
(60,1,'WN2', '2024-01-16 09:30:00','ORD', 'Gate 3','LAX', '2024-01-16 15:30:00', 'Gate 4',0, 'Not Checked In',0, 'Group B', '15C',1, 'BOOK060'),
(61,1,'AA1', '2024-01-17 10:00:00','LAX', 'Gate 1','JFK', '2024-01-17 16:00:00', 'Gate 2',0, 'Checked In',1, 'Group A', '12A',2, 'BOOK061'),
(62,1,'AA2', '2024-01-18 11:30:00','JFK', 'Gate 3','LAX', '2024-01-18 17:30:00', 'Gate 4',0, 'Not Checked In',0, 'Group B', '15C',1, 'BOOK062'),
(63,1,'AA3', '2024-01-19 10:00:00','SFO', 'Gate 4','ORD', '2024-01-19 16:00:00', 'Gate 3',0, 'Checked In',1, 'Group A', '11B',1, 'BOOK063'),
(64,1,'AA4', '2024-01-20 14:00:00','ORD', 'Gate 2','SFO', '2024-01-20 18:00:00', 'Gate 5',0, 'Not Checked In',0, 'Group B', '16C',2, 'BOOK064'),
(65,1,'AF', '2024-01-21 08:00:00','LAX', 'Gate 1','SFO', '2024-01-21 14:00:00', 'Gate 2',0, 'Checked In',1, 'Group A', '12A',2, 'BOOK065'),
(66,1,'AS1', '2024-01-22 09:30:00','ORD', 'Gate 3','LAX', '2024-01-22 15:30:00', 'Gate 4',0, 'Not Checked In',0, 'Group B', '15C',1, 'BOOK066'),
(67,1,'AS2', '2024-01-23 10:00:00','LAX', 'Gate 1','JFK', '2024-01-23 16:00:00', 'Gate 2',0, 'Checked In',1, 'Group A', '12A',2, 'BOOK067'),
(68,1,'B1', '2024-01-24 11:30:00','JFK', 'Gate 3','LAX', '2024-01-24 17:30:00', 'Gate 4',0, 'Not Checked In',0, 'Group B', '15C',1, 'BOOK068'),
(69,1,'B2', '2024-01-25 10:00:00','SFO', 'Gate 4','ORD', '2024-01-25 16:00:00', 'Gate 3',0, 'Checked In',1, 'Group A', '11B',1, 'BOOK069'),
(70,1,'B2', '2024-01-26 14:00:00','ORD', 'Gate 2','SFO', '2024-01-26 18:00:00', 'Gate 5',0, 'Not Checked In',0, 'Group B', '16C',2, 'BOOK070'),
(71,1,'B9', '2024-01-27 08:00:00','LAX', 'Gate 1','SFO', '2024-01-27 14:00:00', 'Gate 2',0, 'Checked In',1, 'Group A', '12A',2, 'BOOK071'),
(72,1,'BA', '2024-01-28 09:30:00','ORD', 'Gate 3','LAX', '2024-01-28 15:30:00', 'Gate 4',0, 'Not Checked In',0, 'Group B', '15C',1, 'BOOK072'),
(73,1,'CX', '2024-01-29 10:00:00','LAX', 'Gate 1','JFK', '2024-01-29 16:00:00', 'Gate 2',0, 'Checked In',1, 'Group A', '12A',2, 'BOOK073'),
(74,1,'DL1', '2024-01-30 11:30:00','JFK', 'Gate 3','LAX', '2024-01-30 17:30:00', 'Gate 4',0, 'Not Checked In',0, 'Group B', '15C',1, 'BOOK074'),
(75,1,'DL2', '2024-01-31 10:00:00','SFO', 'Gate 4','ORD', '2024-01-31 16:00:00', 'Gate 3',0, 'Checked In',1, 'Group A', '11B',1, 'BOOK075'),
(76,1,'DL3', '2024-02-01 14:00:00','ORD', 'Gate 2','SFO', '2024-02-01 18:00:00', 'Gate 5',0, 'Not Checked In',0, 'Group B', '16C',2, 'BOOK076'),
(77,1,'DL4', '2024-02-02 08:00:00','LAX', 'Gate 1','SFO', '2024-02-02 14:00:00', 'Gate 2',0, 'Checked In',1, 'Group A', '12A',2, 'BOOK077'),
(78,1,'DL5', '2024-02-03 09:30:00','ORD', 'Gate 3','LAX', '2024-02-03 15:30:00', 'Gate 4',0, 'Not Checked In',0, 'Group B', '15C',1, 'BOOK078'),
(79,1,'EK', '2024-02-04 10:00:00','LAX', 'Gate 1','JFK', '2024-02-04 16:00:00', 'Gate 2',0, 'Checked In',1, 'Group A', '12A',2, 'BOOK079'),
(80,1,'EM', '2024-02-05 11:30:00','JFK', 'Gate 3','LAX', '2024-02-05 17:30:00', 'Gate 4',0, 'Not Checked In',0, 'Group B', '15C',1, 'BOOK080'),
(81,1,'F9', '2024-02-06 10:00:00','SFO', 'Gate 4','ORD', '2024-02-06 16:00:00', 'Gate 3',0, 'Checked In',1, 'Group A', '11B',1, 'BOOK081'),
(82,1,'G4', '2024-02-07 14:00:00','ORD', 'Gate 2','SFO', '2024-02-07 18:00:00', 'Gate 5',0, 'Not Checked In',0, 'Group B', '16C',2, 'BOOK082'),
(83,1,'B2', '2024-02-08 08:00:00','LAX', 'Gate 1','SFO', '2024-02-08 14:00:00', 'Gate 2',0, 'Checked In',1, 'Group A', '12A',2, 'BOOK083'),
(84,1,'B9', '2024-02-09 09:30:00','ORD', 'Gate 3','LAX', '2024-02-09 15:30:00', 'Gate 4',0, 'Not Checked In',0, 'Group B', '15C',1, 'BOOK084'),
(85,1,'BA', '2024-02-10 10:00:00','LAX', 'Gate 1','JFK', '2024-02-10 16:00:00', 'Gate 2',0, 'Checked In',1, 'Group A', '12A',2, 'BOOK085'),
(86,1,'CX', '2024-02-11 11:30:00','JFK', 'Gate 3','LAX', '2024-02-11 17:30:00', 'Gate 4',0, 'Not Checked In',0, 'Group B', '15C',1, 'BOOK086'),
(87,1,'DL1', '2024-02-12 10:00:00','SFO', 'Gate 4','ORD', '2024-02-12 16:00:00', 'Gate 3',0, 'Checked In',1, 'Group A', '11B',1, 'BOOK087'),
(88,1,'DL2', '2024-02-13 14:00:00','ORD', 'Gate 2','SFO', '2024-02-13 18:00:00', 'Gate 5',0, 'Not Checked In',0, 'Group B', '16C',2, 'BOOK088'),
(89,1,'DL3', '2024-02-14 08:00:00','LAX', 'Gate 1','SFO', '2024-02-14 14:00:00', 'Gate 2',0, 'Checked In',1, 'Group A', '12A',2, 'BOOK089'),
(90,1,'DL4', '2024-02-15 09:30:00','ORD', 'Gate 3','LAX', '2024-02-15 15:30:00', 'Gate 4',0, 'Not Checked In',0, 'Group B', '15C',1, 'BOOK090'),
(91,1,'DL5', '2024-01-27 12:15:00','MSP', 'Gate 6','MIA', '2024-01-27 14:45:00', 'Gate 2',0, 'Not Checked In',0, 'Group B', '7F',1, 'BOOK091'),
(92,1,'EK', '2024-01-28 09:30:00','DFW', 'Gate 3','ATL', '2024-01-28 12:15:00', 'Gate 7',0, 'Not Checked In',0, 'Group C', '20D',2, 'BOOK092'),
(93,1,'EM', '2024-01-29 14:20:00','LAX', 'Gate 8','SFO', '2024-01-29 16:15:00', 'Gate 3',0, 'Not Checked In',0, 'Group A', '10B',1, 'BOOK093'),
(94,1,'F9', '2024-01-30 10:10:00','JFK', 'Gate 5','MIA', '2024-01-30 13:30:00', 'Gate 6',0, 'Not Checked In',0, 'Group B', '16E',2, 'BOOK094'),
(95,1,'G4', '2024-01-31 07:40:00','ORD', 'Gate 4','LAX', '2024-01-31 10:20:00', 'Gate 8',0, 'Not Checked In',0, 'Group C', '9C',1, 'BOOK095'),
(96,1,'SW', '2024-02-01 13:55:00','SFO', 'Gate 6','DEN', '2024-02-01 16:20:00', 'Gate 3',0, 'Not Checked In',0, 'Group A', '14D',2, 'BOOK096'),
(97,1,'SY', '2024-02-02 10:00:00','ATL', 'Gate 7','MCO', '2024-02-02 11:30:00', 'Gate 2',0, 'Not Checked In',0, 'Group B', '18F',1, 'BOOK097'),
(98,1,'TK', '2024-02-03 08:30:00','DFW', 'Gate 2','ORD', '2024-02-03 10:45:00', 'Gate 4',0, 'Not Checked In',0, 'Group C', '21A',2, 'BOOK098'),
(99,1,'UA1', '2024-02-04 15:10:00','SFO', 'Gate 5','MIA', '2024-02-04 17:30:00', 'Gate 6',0, 'Not Checked In',0, 'Group A', '11B',1, 'BOOK099'),
(100,1,'UA2', '2024-02-05 12:45:00','JFK', 'Gate 3','ORD', '2024-02-05 15:00:00', 'Gate 5',0, 'Not Checked In',0, 'Group B', '15E',2, 'BOOK100'),
(101,1,'UA3', '2024-02-06 09:30:00','LAX', 'Gate 7','DFW', '2024-02-06 12:15:00', 'Gate 3',0, 'Not Checked In',0, 'Group C', '10D',1, 'BOOK101'),
(102,1,'UA4', '2024-02-07 14:20:00','DEN', 'Gate 4','SFO', '2024-02-07 16:15:00', 'Gate 8',0, 'Not Checked In',0, 'Group A', '8B',2, 'BOOK102'),
(103,1,'UA5', '2024-02-08 10:10:00','ORD', 'Gate 6','MCO', '2024-02-08 13:30:00', 'Gate 7',0, 'Not Checked In',0, 'Group B', '17F',1, 'BOOK103'),
(104,1,'VX', '2024-02-09 07:40:00','ATL', 'Gate 2','MSP', '2024-02-09 10:20:00', 'Gate 4',0, 'Not Checked In',0, 'Group C', '19C',2, 'BOOK104'),
(105,1,'WN', '2024-02-10 13:55:00','MIA', 'Gate 5','DEN', '2024-02-10 16:20:00', 'Gate 2',0, 'Not Checked In',0, 'Group A', '13D',1, 'BOOK105'),
(106,1,'WN1', '2024-02-11 10:00:00','PDX', 'Gate 8','MSY', '2024-02-11 11:30:00', 'Gate 5',0, 'Not Checked In',0, 'Group B', '21F',2, 'BOOK106'),
(107,1,'WN2', '2024-02-12 08:30:00','SFO', 'Gate 3','JFK', '2024-02-12 10:45:00', 'Gate 6',0, 'Not Checked In',0, 'Group C', '14A',1, 'BOOK107'),
(108,1,'UA3', '2024-02-13 15:10:00','LAX', 'Gate 4','ORD', '2024-02-13 17:30:00', 'Gate 7',0, 'Not Checked In',0, 'Group A', '16B',2, 'BOOK108'),
(109,1,'UA4', '2024-02-14 12:45:00','ATL', 'Gate 7','MCO', '2024-02-14 15:00:00', 'Gate 3',0, 'Not Checked In',0, 'Group B', '9E',1, 'BOOK109'),
(110,1,'UA5', '2024-02-15 09:30:00','MIA', 'Gate 2','ORD', '2024-02-15 12:15:00', 'Gate 6',0, 'Not Checked In',0, 'Group C', '22D',2, 'BOOK110'),
(111,1,'VX', '2024-02-16 14:20:00','MSY', 'Gate 5','DEN', '2024-02-16 16:15:00', 'Gate 8',0, 'Not Checked In',0, 'Group A', '20A',1, 'BOOK111'),
(112,1,'WN', '2024-02-17 10:10:00','JFK', 'Gate 6','PBI', '2024-02-17 13:30:00', 'Gate 5',0, 'Not Checked In',0, 'Group B', '8F',2, 'BOOK112'),
(113,1,'WN1', '2024-02-18 07:40:00','SFO', 'Gate 3','ORD', '2024-02-18 10:20:00', 'Gate 7',0, 'Not Checked In',0, 'Group C', '11C',1, 'BOOK113'),
(114,1,'WN2', '2024-02-19 13:55:00','LAX', 'Gate 8','MCO', '2024-02-19 16:20:00', 'Gate 4',0, 'Not Checked In',0, 'Group A', '19B',2, 'BOOK114'),
(115,1,'UA3', '2024-02-20 10:00:00','ORD', 'Gate 5','JFK', '2024-02-20 11:30:00', 'Gate 2',0, 'Not Checked In',0, 'Group B', '12E',1, 'BOOK115'),
(116,1,'UA4', '2024-02-21 08:30:00','DEN', 'Gate 7','ATL', '2024-02-21 10:45:00', 'Gate 3',0, 'Not Checked In',0, 'Group C', '23A',2, 'BOOK116'),
(117,1,'UA5', '2024-02-22 15:10:00','DEN', 'Gate 4','PDX', '2024-02-22 17:30:00', 'Gate 6',0, 'Not Checked In',0, 'Group A', '17B',1, 'BOOK117'),
(118,1,'VX', '2024-02-23 12:45:00','MIA', 'Gate 6','ORD', '2024-02-23 15:00:00', 'Gate 8',0, 'Not Checked In',0, 'Group B', '10E',2, 'BOOK118'),
(119,1,'WN', '2024-02-24 09:30:00','SFO', 'Gate 5','DEN', '2024-02-24 12:15:00', 'Gate 4',0, 'Not Checked In',0, 'Group C', '24D',1, 'BOOK119'),
(120,1,'WN1', '2024-02-25 14:20:00','SFO', 'Gate 3','MIA', '2024-02-25 16:15:00', 'Gate 7',0, 'Not Checked In',0, 'Group A', '21A',2, 'BOOK120'),
(121,1,'WN2', '2024-02-26 10:10:00','LAX', 'Gate 2','JFK', '2024-02-26 13:30:00', 'Gate 6',0, 'Not Checked In',0, 'Group B', '13E',1, 'BOOK121'),
(122,1,'AA1', '2024-02-27 07:40:00','DEN', 'Gate 8','ATL', '2024-02-27 10:20:00', 'Gate 5',0, 'Not Checked In',0, 'Group C', '25A',2, 'BOOK122'),
(123,1,'AA2', '2024-02-28 13:55:00','MCO', 'Gate 4','MIA', '2024-02-28 16:20:00', 'Gate 8',0, 'Not Checked In',0, 'Group A', '18B',1, 'BOOK123'),
(124,1,'AA3', '2024-02-29 10:00:00','ORD', 'Gate 6','MIA', '2024-02-29 11:30:00', 'Gate 3',0, 'Not Checked In',0, 'Group B', '14E',2, 'BOOK124'),
(125,1,'AA4', '2024-03-01 08:30:00','MIA', 'Gate 5','SFO', '2024-03-01 10:45:00', 'Gate 2',0, 'Not Checked In',0, 'Group C', '26D',1, 'BOOK125'),
(126,1,'AF', '2024-03-02 15:10:00','DEN', 'Gate 3','LAX', '2024-03-02 17:30:00', 'Gate 6',0, 'Not Checked In',0, 'Group A', '22A',2, 'BOOK126'),
(127,1,'AS1', '2024-03-03 12:45:00','ATL', 'Gate 2','MIA', '2024-03-03 15:00:00', 'Gate 5',0, 'Not Checked In',0, 'Group B', '11E',1, 'BOOK127'),
(128,1,'AS2', '2024-03-04 09:30:00','JFK', 'Gate 6','ORD', '2024-03-04 12:15:00', 'Gate 8',0, 'Not Checked In',0, 'Group C', '27A',2, 'BOOK128'),
(129,1,'B1', '2024-03-05 14:20:00','MCO', 'Gate 5','SFO', '2024-03-05 16:15:00', 'Gate 2',0, 'Not Checked In',0, 'Group A', '19B',1, 'BOOK129'),
(130,1,'B2', '2024-03-06 10:10:00','MIA', 'Gate 3','MSP', '2024-03-06 13:30:00', 'Gate 7',0, 'Not Checked In',0, 'Group B', '15E',2, 'BOOK130'),
(131,1,'B9', '2024-03-07 07:40:00','SFO', 'Gate 6','DEN', '2024-03-07 10:20:00', 'Gate 3',0, 'Not Checked In',0, 'Group C', '28D',1, 'BOOK131'),
(132,1,'BA', '2024-03-08 13:55:00','LAX', 'Gate 7','MIA', '2024-03-08 16:20:00', 'Gate 5',0, 'Not Checked In',0, 'Group A', '23B',2, 'BOOK132'),
(133,1,'CX', '2024-03-09 10:00:00','ORD', 'Gate 5','PDX', '2024-03-09 11:30:00', 'Gate 6',0, 'Not Checked In',0, 'Group B', '12E',1, 'BOOK133'),
(134,1,'DL1', '2024-03-10 08:30:00','ATL', 'Gate 3','ORD', '2024-03-10 10:45:00', 'Gate 2',0, 'Not Checked In',0, 'Group C', '29A',2, 'BOOK134'),
(135,1,'DL2', '2024-03-11 15:10:00','MCO', 'Gate 2','DEN', '2024-03-11 17:30:00', 'Gate 3',0, 'Not Checked In',0, 'Group A', '20B',1, 'BOOK135'),
(136,1,'DL1', '2024-01-25 14:00:00','ORD', 'Gate 2','SFO', '2024-01-25 18:00:00', 'Gate 5',0, 'Not Checked In',0, 'Group B', '16C',2, 'BOOK136'),
(137,1,'DL2', '2024-01-26 08:00:00','LAX', 'Gate 1','SFO', '2024-01-26 14:00:00', 'Gate 2',0, 'Checked In',1, 'Group A', '12A',2, 'BOOK137'),
(138,1,'DL3', '2024-01-27 09:30:00','ORD', 'Gate 3','LAX', '2024-01-27 15:30:00', 'Gate 4',0, 'Not Checked In',0, 'Group B', '15C',1, 'BOOK138'),
(139,1,'DL4', '2024-01-28 10:00:00','LAX', 'Gate 1','JFK', '2024-01-28 16:00:00', 'Gate 2',0, 'Checked In',1, 'Group A', '12A',2, 'BOOK139'),
(140,1,'DL5', '2024-01-29 11:30:00','JFK', 'Gate 3','LAX', '2024-01-29 17:30:00', 'Gate 4',0, 'Not Checked In',0, 'Group B', '15C',1, 'BOOK140'),
(141,1,'NK1', '2024-01-30 10:00:00','SFO', 'Gate 4','ORD', '2024-01-30 16:00:00', 'Gate 3',0, 'Checked In',1, 'Group A', '11B',1, 'BOOK141'),
(142,1,'NK2', '2024-01-31 14:00:00','ORD', 'Gate 2','SFO', '2024-01-31 18:00:00', 'Gate 5',0, 'Not Checked In',0, 'Group B', '16C',2, 'BOOK142'),
(143,1,'SQ', '2024-02-01 08:00:00','LAX', 'Gate 1','SFO', '2024-02-01 14:00:00', 'Gate 2',0, 'Checked In',1, 'Group A', '12A',2, 'BOOK143'),
(144,1,'NK1', '2024-02-02 09:30:00','ORD', 'Gate 3','LAX', '2024-02-02 15:30:00', 'Gate 4',0, 'Not Checked In',0, 'Group B', '15C',1, 'BOOK144'),
(145,1,'NK2', '2024-02-03 10:00:00','LAX', 'Gate 1','JFK', '2024-02-03 16:00:00', 'Gate 2',0, 'Checked In',1, 'Group A', '12A',2, 'BOOK145'),
(146,1,'NK1', '2024-02-04 11:30:00','JFK', 'Gate 3','LAX', '2024-02-04 17:30:00', 'Gate 4',0, 'Not Checked In',0, 'Group B', '15C',1, 'BOOK146'),
(147,1,'NK2', '2024-02-05 10:00:00','SFO', 'Gate 4','ORD', '2024-02-05 16:00:00', 'Gate 3',0, 'Checked In',1, 'Group A', '11B',1, 'BOOK147'),
(148,1,'AA1', '2024-02-06 14:00:00','ORD', 'Gate 2','SFO', '2024-02-06 18:00:00', 'Gate 5',0, 'Not Checked In',0, 'Group B', '16C',2, 'BOOK148'),
(149,1,'AA2', '2024-02-07 08:00:00','LAX', 'Gate 1','SFO', '2024-02-07 14:00:00', 'Gate 2',0, 'Checked In',1, 'Group A', '12A',2, 'BOOK149'),
(150,1,'AA3', '2024-02-08 10:00:00','SFO', 'Gate 4','ORD', '2024-02-08 16:00:00', 'Gate 3',0, 'Checked In',1, 'Group A', '11B',1, 'BOOK150');

-- Insert data into the 'Ticket' table
INSERT INTO `mydb`.`Ticket` (`TicketReference`, `Name`, `Passport`, `Phone`, `Emergencycontactname`, `Emergencycontactphone`, `CostLine`, `Booking_BookingCode`)
VALUES 
('TICKET001', 'John Doe', 'A123456', '1234567890', 'Jane Smith', '9876543210', 300.00, 'BOOK001'),
('TICKET002', 'Jane Smith', 'B789012', '9876543210', 'John Doe', '1234567890', 150.00, 'BOOK002'),
('TICKET003', 'Alice Johnson', 'C456789', '5555555555', 'Bob Smith', '7777777777', 100.00, 'BOOK003'),
('TICKET004', 'Bob Smith', 'D789012', '7777777777', 'Alice Johnson', '5555555555', 350.00, 'BOOK004'),
('TICKET005', 'Charlie Brown', 'E123456', '6666666666', ' Charlie Spouse', '1234567890', 100.00, 'BOOK005'),
('TICKET006', 'Charlie Spouse', 'F789012', '1234567890', 'Charlie Brown', '6666666666', 100.00, 'BOOK005'),
('TICKET007', 'Alice Johnson', 'C456789', '5555555555', 'Alice Spouse', '7777777747', 300.00, 'BOOK006'),
('TICKET008', 'Alice Spouse', 'C456790', '7777777747', 'Alice Johnson', '5555555555', 300.00, 'BOOK006');
INSERT INTO `mydb`.`Ticket` (`TicketReference`, `Name`, `Passport`, `Phone`, `Emergencycontactname`, `Emergencycontactphone`, `CostLine`, `Booking_BookingCode`)
VALUES
('TICKET009', 'David Johnson', 'G123456', '9999999999', 'Eva Brown', '1111111111', 120.00, 'BOOK007'),
('TICKET010', 'Eva Brown', 'H789012', '1111111111', 'David Johnson', '9999999999', 85.00, 'BOOK007'),
('TICKET011', 'Frank Wilson', 'I456789', '2222222222', 'Grace Adams', '4444444444', 200.00, 'BOOK008'),
('TICKET012', 'Grace Adams', 'J789012', '4444444444', 'Frank Wilson', '2222222222', 180.00, 'BOOK008');
INSERT INTO `mydb`.`Ticket` (`TicketReference`, `Name`, `Passport`, `Phone`, `Emergencycontactname`, `Emergencycontactphone`, `CostLine`, `Booking_BookingCode`)
VALUES
('TICKET015', 'Michael Brown', 'O123456', '9998887777', 'Emily White', '1112223333', 180.00, 'BOOK009'),
('TICKET016', 'Emily White', 'P789012', '1112223333', 'Michael Brown', '9998887777', 125.00, 'BOOK010'),
('TICKET013', 'John Davis', 'M123456', '7777777777', 'Lisa Taylor', '8888888888', 130.00, 'BOOK011'),
('TICKET014', 'Lisa Taylor', 'N789012', '8888888888', 'John Davis', '7777777777', 75.00, 'BOOK012');
INSERT INTO `mydb`.`Ticket` (`TicketReference`, `Name`, `Passport`, `Phone`, `Emergencycontactname`, `Emergencycontactphone`, `CostLine`, `Booking_BookingCode`)
VALUES 
('TICKET017', 'John Smith', 'K123789', '7777777777', 'Emily Davis', '8888888888', 160.00, 'BOOK013'),
('TICKET018', 'Emily Davis', 'L456123', '8888888888', 'John Smith', '7777777777', 95.00, 'BOOK014'),
('TICKET019', 'Michael Wilson', 'M987654', '5555555555', 'Sophia Taylor', '6666666666', 145.00, 'BOOK015'),
('TICKET020', 'Sophia Taylor', 'N123987', '6666666666', 'Michael Wilson', '5555555555', 80.00, 'BOOK016'),
('TICKET021', 'James Brown', 'O456123', '9999999999', 'Lily Adams', '1111111111', 190.00, 'BOOK017'),
('TICKET022', 'Lily Adams', 'P987456', '1111111111', 'James Brown', '9999999999', 105.00, 'BOOK018'),
('TICKET023', 'Oliver Brown', 'O123456', '9990000000', 'Ava Johnson', '1111000000', 150.00, 'BOOK019'),
('TICKET024', 'Ava Johnson', 'P789012', '1111000000', 'Oliver Brown', '9990000000', 75.00, 'BOOK019'),
('TICKET025', 'William Clark', 'Q123456', '1234123412', 'Olivia Smith', '9876987698', 110.00, 'BOOK020'),
('TICKET026', 'Olivia Smith', 'R789012', '9876987698', 'William Clark', '1234123412', 70.00, 'BOOK021'),
('TICKET027', 'James Turner', 'S123456', '8765876587', 'Sophia Adams', '7658765876', 135.00, 'BOOK022'),
('TICKET028', 'Sophia Adams', 'T789012', '7658765876', 'James Turner', '8765876587', 80.00, 'BOOK022'),
('TICKET029', 'Michael Harris', 'U123456', '6543654365', 'Lily Parker', '7658765876', 120.00, 'BOOK023'),
('TICKET030', 'Lily Parker', 'V789012', '7658765876', 'Michael Harris', '6543654365', 75.00, 'BOOK024'),
('TICKET031', 'Sophia Baker', 'W123456', '5555555588', 'Ethan Wilson', '66666663266', 110.00, 'BOOK025'),
('TICKET032', 'Ethan Wilson', 'X789012', '66666666326', 'Sophia Baker', '5555555588', 85.00, 'BOOK026'),
('TICKET033', 'Oliver Clark', 'Y123456', '9876987698', 'Mia Adams', '1234123412', 150.00, 'BOOK027'),
('TICKET034', 'Mia Adams', 'Z789012', '1234123412', 'Oliver Clark', '9876987698', 110.00, 'BOOK027'),
('TICKET035', 'Ella Scott', 'AA123456', '5555555554', 'Jack Phillips', '6666666664', 95.00, 'BOOK028'),
('TICKET036', 'Jack Phillips', 'AB789012', '6666666664', 'Ella Scott', '5555555554', 80.00, 'BOOK028'),
('TICKET037', 'Aiden Baker', 'AC123456', '7777777733', 'Sophia Reed', '8888888822', 125.00, 'BOOK029'),
('TICKET038', 'Sophia Reed', 'AD789012', '8888888822', 'Aiden Baker', '7777777733', 100.00, 'BOOK030'),
('TICKET039', 'Lucas Campbell', 'AE123456', '9999999991', 'Lily Ward', '1111111100', 160.00, 'BOOK031'),
('TICKET040', 'Lily Ward', 'AF789012', '1111111100', 'Lucas Campbell', '9999999991', 120.00, 'BOOK031'),
('TICKET041', 'Mia Mitchell', 'AG123456', '2222222256', 'Noah Scott', '3333333355', 135.00, 'BOOK032'),
('TICKET042', 'Noah Scott', 'AH789012', '3333333355', 'Mia Mitchell', '2222222256', 110.00, 'BOOK032'),
('TICKET043', 'Oliver Turner', 'AI123456', '4444444441', 'Emma Lewis', '5555555551', 140.00, 'BOOK033'),
('TICKET044', 'Emma Lewis', 'AJ789012', '5555555551', 'Oliver Turner', '4444444441', 115.00, 'BOOK034'),
('TICKET045', 'Liam Rodriguez', 'AK123456', '6666666766', 'Ava Hall', '7777767777', 120.00, 'BOOK035'),
('TICKET046', 'Ava Hall', 'AL789012', '7777767777', 'Liam Rodriguez', '6666666766', 95.00, 'BOOK036'),
('TICKET047', 'Lucas White', 'AM123456', '8888888828', 'Isabella Walker', '9999999990', 130.00, 'BOOK037'),
('TICKET048', 'Isabella Walker', 'AN789012', '9999999990', 'Lucas White', '8888888828', 105.00, 'BOOK038')
;
INSERT INTO `mydb`.`Ticket` (`TicketReference`, `Name`, `Passport`, `Phone`, `Emergencycontactname`, `Emergencycontactphone`, `CostLine`, `Booking_BookingCode`)
VALUES
('TICKET049', 'Mia Lee', 'AO123456', '1112223333', 'William Martinez', '4445556666', 135.00, 'BOOK039'),
('TICKET050', 'William Martinez', 'AP789012', '4445556666', 'Mia Lee', '1112223333', 110.00, 'BOOK039'),
('TICKET051', 'Oliver Turner', 'AQ123456', '2223334444', 'Sofia Perez', '5556667777', 140.00, 'BOOK040'),
('TICKET052', 'Sofia Perez', 'AR789012', '5556667777', 'Oliver Turner', '2223334444', 115.00, 'BOOK040'),
('TICKET053', 'Aiden Harris', 'AT123456', '7778889999', 'Emma Wilson', '1110001111', 155.00, 'BOOK041'),
('TICKET054', 'Emma Wilson', 'AU789012', '1110001111', 'Aiden Harris', '7778889999', 130.00, 'BOOK042'),
('TICKET055', 'Ethan Thomas', 'AV123456', '8887776666', 'Olivia Garcia', '2221110000', 145.00, 'BOOK043'),
('TICKET056', 'Olivia Garcia', 'AW789012', '2221110000', 'Ethan Thomas', '8887776666', 120.00, 'BOOK044'),
('TICKET057', 'Liam Martinez', 'AX123456', '1234567890', 'Zoe Adams', '9876543210', 135.00, 'BOOK045'),
('TICKET058', 'Zoe Adams', 'AY789012', '9876543210', 'Liam Martinez', '1234567890', 110.00, 'BOOK046'),
('TICKET059', 'Mia White', 'AZ123456', '5556667777', 'William Scott', '1112223333', 125.00, 'BOOK047'),
('TICKET060', 'William Scott', 'BA789012', '1112223333', 'Mia White', '5556667777', 100.00, 'BOOK048'),
('TICKET061', 'Oliver Baker', 'BC789012', '4445556666', 'Ella Turner', '8887776666', 125.00, 'BOOK050'),
('TICKET062', 'Aiden Walker', 'BD123456', '2223334444', 'Sophia King', '7778889999', 140.00, 'BOOK051'),
('TICKET063', 'Sophia King', 'BE789012', '7778889999', 'Aiden Walker', '2223334444', 115.00, 'BOOK051'),
('TICKET064', 'Liam Turner', 'BF123456', '6667778888', 'Ava Hall', '1112233444', 110.00, 'BOOK052'),
('TICKET065', 'Ava Hall', 'BG789012', '1112233444', 'Liam Turner', '6667778888', 95.00, 'BOOK052'),
('TICKET066', 'Lucas Hughes', 'BH123456', '5554443333', 'Zoe Morgan', '2225554444', 120.00, 'BOOK053'),
('TICKET067', 'Zoe Morgan', 'BI789012', '2225554444', 'Lucas Hughes', '5554443333', 85.00, 'BOOK054'),
('TICKET068', 'Mason White', 'BJ123456', '7778889999', 'Olivia Anderson', '9998887777', 110.00, 'BOOK055'),
('TICKET069', 'Olivia Anderson', 'BK789012', '9998887777', 'Mason White', '7778889999', 95.00, 'BOOK056'),
('TICKET070', 'Evelyn Turner', 'BL123456', '1114445555', 'Liam Davis', '5554441111', 120.00, 'BOOK057'),
('TICKET071', 'Liam Davis', 'BM789012', '5554441111', 'Evelyn Turner', '1114445555', 85.00, 'BOOK058'),
('TICKET072', 'Harper Moore', 'BN123456', '6665554444', 'Noah Hall', '4445556666', 110.00, 'BOOK059'),
('TICKET073', 'Noah Hall', 'BO789012', '4445556666', 'Harper Moore', '6665554444', 95.00, 'BOOK060'),
('TICKET074', 'Evelyn Parker', 'BP123456', '7774443333', 'Lucas Adams', '3334447777', 120.00, 'BOOK061'),
('TICKET075', 'Lucas Adams', 'BQ789012', '3334447777', 'Evelyn Parker', '7774443333', 85.00, 'BOOK062'),
('TICKET076', 'Charlotte Green', 'BR123456', '8885551111', 'Mason Parker', '1115558888', 110.00, 'BOOK063'),
('TICKET077', 'Mason Parker', 'BS789012', '1115558888', 'Charlotte Green', '8885551111', 95.00, 'BOOK064'),
('TICKET078', 'Lucy Turner', 'BT123456', '6662223333', 'Ethan Miller', '3332226666', 120.00, 'BOOK065'),
('TICKET079', 'Ethan Miller', 'BU789012', '3332226666', 'Lucy Turner', '6662223333', 85.00, 'BOOK066'),
('TICKET080', 'Zoe Clark', 'BV123456', '4447771111', 'Henry Mitchell', '1117774444', 110.00, 'BOOK067'),
('TICKET081', 'Henry Mitchell', 'BW789012', '1117774444', 'Zoe Clark', '4447771111', 95.00, 'BOOK068'),
('TICKET082', 'Ava Lee', 'BX123456', '6669993333', 'Leo Turner', '3339996666', 120.00, 'BOOK069'),
('TICKET083', 'Leo Turner', 'BY789012', '3339996666', 'Ava Lee', '6669993333', 85.00, 'BOOK070'),
('TICKET084', 'Oliver King', 'BZ123456', '7771115555', 'Sophia Turner', '5551117777', 110.00, 'BOOK071'),
('TICKET085', 'Sophia Turner', 'CA789012', '5551117777', 'Oliver King', '7771115555', 95.00, 'BOOK071'),
('TICKET086', 'William Adams', 'CB123456', '9994448888', 'Emma Moore', '8884449999', 120.00, 'BOOK072'),
('TICKET087', 'Emma Moore', 'CC789012', '8884449999', 'William Adams', '9994448888', 85.00, 'BOOK073'),
('TICKET088', 'Liam Garcia', 'CD123456', '3335557777', 'Avery Davis', '7775553333', 130.00, 'BOOK074'),
('TICKET089', 'Avery Davis', 'CE789012', '7775553333', 'Liam Garcia', '3335557777', 110.00, 'BOOK074'),
('TICKET090', 'Evelyn Rodriguez', 'CF123456', '4446668888', 'Carter Wilson', '8886664444', 140.00, 'BOOK075'),
('TICKET091', 'Carter Wilson', 'CG789012', '8886664444', 'Evelyn Rodriguez', '4446668888', 120.00, 'BOOK075'), 
('TICKET092', 'Harper Brown', 'CH123456', '5557779999', 'Jackson Clark', '9997775555', 110.00, 'BOOK076'),
('TICKET093', 'Jackson Clark', 'CI789012', '9997775555', 'Harper Brown', '5557779999', 95.00, 'BOOK076'),
('TICKET094', 'Daniel Young', 'CJ123456', '1114446666', 'Madison Scott', '6664441111', 130.00, 'BOOK077'),
('TICKET095', 'Madison Scott', 'CK789012', '6664441111', 'Daniel Young', '1114446666', 140.00, 'BOOK077'),
('TICKET096', 'Benjamin Turner', 'CL123456', '5559993333', 'Elizabeth Davis', '3339995555', 120.00, 'BOOK078'),
('TICKET097', 'Elizabeth Davis', 'CM789012', '3339995555', 'Benjamin Turner', '5559993333', 95.00, 'BOOK079'),
('TICKET098', 'Mia White', 'CN123456', '7771113333', 'Elijah Martinez', '3331117777', 140.00, 'BOOK080'),
('TICKET099', 'Elijah Martinez', 'CO789012', '3331117777', 'Mia White', '7771113333', 120.00, 'BOOK081'),
('TICKET100', 'Aiden Lewis', 'CP123456', '8882224444', 'Sofia Hall', '4442228888', 85.00, 'BOOK082'),
('TICKET101', 'Sofia Hall', 'CQ789012', '4442228888', 'Aiden Lewis', '8882224444', 95.00, 'BOOK083'), 
('TICKET102', 'Oliver King', 'CR123456', '6663331111', 'Luna Martinez', '1113336666', 130.00, 'BOOK084'),
('TICKET103', 'Luna Martinez', 'CS789012', '1113336666', 'Oliver King', '6663331111', 140.00, 'BOOK085'),
('TICKET104', 'Lucas Harris', 'CT123456', '9994448888', 'Aria Clark', '8884449999', 120.00, 'BOOK086'),
('TICKET105', 'Aria Clark', 'CU789012', '8884449999', 'Lucas Harris', '9994448888', 130.00, 'BOOK086'),
('TICKET106', 'Henry Brown', 'CV123456', '1115557777', 'Ella Martinez', '7775551111', 85.00, 'BOOK087'),
('TICKET107', 'Ella Martinez', 'CW789012', '7775551111', 'Henry Brown', '1115557777', 90.00, 'BOOK087'),
('TICKET108', 'Nathan Turner', 'CX123456', '4446661111', 'Hazel Hall', '1116664444', 115.00, 'BOOK088'),
('TICKET109', 'Hazel Hall', 'CY789012', '1116664444', 'Nathan Turner', '4446661111', 120.00, 'BOOK089'),
('TICKET110', 'Abigail Perez', 'CZ123456', '2227773333', 'Liam Green', '3337772222', 110.00, 'BOOK090'),
('TICKET111', 'Liam Green', 'DA789012', '3337772222', 'Abigail Perez', '2227773333', 105.00, 'BOOK090'),
('TICKET112', 'Scarlett Allen', 'DB123456', '8886669999', 'Sebastian Scott', '9996668888', 100.00, 'BOOK091'),
('TICKET113', 'Sebastian Scott', 'DC789012', '9996668888', 'Scarlett Allen', '8886669999', 105.00, 'BOOK091'), 
('TICKET114', 'Mila Turner', 'DD123456', '2225557777', 'Jackson Martin', '7775552222', 115.00, 'BOOK092'),
('TICKET115', 'Jackson Martin', 'DE789012', '7775552222', 'Mila Turner', '2225557777', 120.00, 'BOOK093'),
('TICKET116', 'Ethan Wright', 'DF123456', '6664448888', 'Lily White', '8884446666', 95.00, 'BOOK094'),
('TICKET117', 'Lily White', 'DG789012', '8884446666', 'Ethan Wright', '6664448888', 105.00, 'BOOK094'),
('TICKET118', 'Oliver Garcia', 'DH123456', '3339991111', 'Nora Hall', '1119993333', 110.00, 'BOOK095'),
('TICKET119', 'Nora Hall', 'DI789012', '1119993333', 'Oliver Garcia', '3339991111', 120.00, 'BOOK095'),
('TICKET120', 'James Moore', 'DJ123456', '5551119999', 'Chloe Martinez', '9991115555', 100.00, 'BOOK096'),
('TICKET121', 'Chloe Martinez', 'DK789012', '9991115555', 'James Moore', '5551119999', 95.00, 'BOOK097'),
('TICKET122', 'Benjamin Smith', 'DL123456', '7773335555', 'Sophia Turner', '5553337777', 110.00, 'BOOK098'),
('TICKET123', 'Sophia Turner', 'DM789012', '5553337777', 'Benjamin Smith', '7773335555', 115.00, 'BOOK099'),
('TICKET124', 'Lucas Jackson', 'DN123456', '2226669999', 'Ava Rodriguez', '9996662222', 125.00, 'BOOK100'),
('TICKET125', 'Ava Rodriguez', 'DO789012', '9996662222', 'Lucas Jackson', '2226669999', 130.00, 'BOOK100'),
('TICKET126', 'Henry Davis', 'DP123456', '8881114444', 'Evelyn White', '4441118888', 110.00, 'BOOK101'),
('TICKET127', 'Evelyn White', 'DQ789012', '4441118888', 'Henry Davis', '8881114444', 115.00, 'BOOK102'),
('TICKET128', 'Logan Harris', 'DR123456', '3337775555', 'Mia Young', '5557773333', 120.00, 'BOOK103'),
('TICKET129', 'Mia Young', 'DS789012', '5557773333', 'Logan Harris', '3337775555', 105.00, 'BOOK104'),
('TICKET130', 'Aiden Turner', 'DT123456', '6662224444', 'Olivia Scott', '4442226666', 135.00, 'BOOK105'),
('TICKET131', 'Olivia Scott', 'DU789012', '4442226666', 'Aiden Turner', '6662224444', 140.00, 'BOOK106'),
('TICKET132', 'Samuel Allen', 'DV123456', '7774448888', 'Aria Moore', '8884447777', 110.00, 'BOOK107'),
('TICKET133', 'Aria Moore', 'DW789012', '8884447777', 'Samuel Allen', '7774448888', 115.00, 'BOOK108'),
('TICKET134', 'Michael Clark', 'DX123456', '1118885555', 'Emma Davis', '5558881111', 125.00, 'BOOK109'),
('TICKET135', 'Emma Davis', 'DY789012', '5558881111', 'Michael Clark', '1118885555', 130.00, 'BOOK110'),
('TICKET136', 'William Baker', 'DZ123456', '3339997777', 'Avery Turner', '7779993333', 140.00, 'BOOK111'),
('TICKET137', 'Ella Hernandez', 'EA123456', '7773339999', 'Liam Martin', '9993337777', 120.00, 'BOOK112'),
('TICKET138', 'Liam Martin', 'EB789012', '9993337777', 'Ella Hernandez', '7773339999', 125.00, 'BOOK113'),
('TICKET139', 'Harper Lewis', 'EC123456', '2225554444', 'Sebastian Walker', '4445552222', 135.00, 'BOOK114'),
('TICKET140', 'Sebastian Walker', 'ED789012', '4445552222', 'Harper Lewis', '2225554444', 140.00, 'BOOK114'),
('TICKET141', 'Avery Turner', 'EE123456', '7779993333', 'William Baker', '3339997777', 125.00, 'BOOK115'),
('TICKET142', 'Luna Anderson', 'EF789012', '5552228888', 'Mason White', '8882225555', 130.00, 'BOOK116'),
('TICKET143', 'Mason White', 'EG123456', '8882225555', 'Luna Anderson', '5552228888', 135.00, 'BOOK117'),
('TICKET144', 'Scarlett Martinez', 'EH789012', '1117773333', 'James Moore', '3337771111', 145.00, 'BOOK118'),
('TICKET145', 'James Moore', 'EI123456', '3337771111', 'Scarlett Martinez', '1117773333', 150.00, 'BOOK118'),
('TICKET146', 'Ethan Foster', 'EK123456', '5551116666', 'Evelyn Turner', '6661115555', 145.00, 'BOOK119'),
('TICKET147', 'Aria Morgan', 'EL789012', '3336669999', 'Leo Cooper', '9996663333', 130.00, 'BOOK120'),
('TICKET148', 'Leo Cooper', 'EM123456', '9996663333', 'Aria Morgan', '3336669999', 135.00, 'BOOK121'),
('TICKET149', 'Zoey Hayes', 'EN789012', '7772228888', 'Luke Wood', '8882227777', 150.00, 'BOOK122'),
('TICKET150', 'Luke Wood', 'EO123456', '8882227777', 'Zoey Hayes', '7772228888', 155.00, 'BOOK123'),
('TICKET151', 'Mila King', 'EP789012', '4449996666', 'Henry Bennett', '6669994444', 160.00, 'BOOK124'),
('TICKET152', 'Henry Bennett', 'EQ123456', '6669994444', 'Mila King', '4449996666', 165.00, 'BOOK124'),
('TICKET153', 'Sophia Scott', 'ER789012', '1114449999', 'Daniel Hill', '9994441111', 170.00, 'BOOK125'),
('TICKET154', 'Daniel Hill', 'ES123456', '9994441111', 'Sophia Scott', '1114449999', 175.00, 'BOOK125'),
('TICKET155', 'William Clark', 'ET789012', '7775551111', 'Nora Hall', '1115557777', 180.00, 'BOOK126'),
('TICKET156', 'Nora Hall', 'EU123456', '1115557777', 'William Clark', '7775551111', 185.00, 'BOOK126'),
('TICKET157', 'James Adams', 'EV789012', '2227778888', 'Olivia Turner', '8887772222', 190.00, 'BOOK127'),
('TICKET158', 'Olivia Turner', 'EW123456', '8887772222', 'James Adams', '2227778888', 195.00, 'BOOK128'),
('TICKET159', 'David Garcia', 'EX789012', '5553336666', 'Sophie Hall', '6663335555', 200.00, 'BOOK129'),
('TICKET160', 'Sophie Hall', 'EY123456', '6663335555', 'David Garcia', '5553336666', 205.00, 'BOOK130'),
('TICKET161', 'Ethan White', 'EZ789012', '3332221111', 'Mia Lopez', '1112223333', 210.00, 'BOOK131'),
('TICKET162', 'Mia Lopez', 'FA123456', '1112223333', 'Ethan White', '3332221111', 215.00, 'BOOK132'),
('TICKET163', 'Logan Brown', 'FB789012', '7776661111', 'Lily Wilson', '1116667777', 220.00, 'BOOK133'),
('TICKET164', 'Lily Wilson', 'FC123456', '1116667777', 'Logan Brown', '7776661111', 225.00, 'BOOK134'),
('TICKET165', 'Mason Lewis', 'FD789012', '2229991111', 'Ava Davis', '1119992222', 230.00, 'BOOK135'),
('TICKET166', 'Matthew Lewis', 'FO123456', '2226668888', 'Harper Adams', '8886662222', 285.00, 'BOOK136'),
('TICKET167', 'William Turner', 'FP789012', '7772225555', 'Ava White', '5552227777', 290.00, 'BOOK137'),
('TICKET168', 'Ava White', 'FQ123456', '5552227777', 'William Turner', '7772225555', 295.00, 'BOOK137'),
('TICKET169', 'Scarlett Hill', 'FR789012', '4443337777', 'Mason Adams', '7773334444', 300.00, 'BOOK138'),
('TICKET170', 'Mason Adams', 'FS123456', '7773334444', 'Scarlett Hill', '4443337777', 305.00, 'BOOK138'),
('TICKET171', 'Oliver Green', 'FT789012', '3338881111', 'Aria Baker', '1118883333', 310.00, 'BOOK139'),
('TICKET172', 'Aria Baker', 'FU123456', '1118883333', 'Oliver Green', '3338881111', 315.00, 'BOOK139'),
('TICKET173', 'Lucy Turner', 'FV789012', '9991117777', 'Jack Smith', '7771119999', 320.00, 'BOOK140'),
('TICKET174', 'Jack Smith', 'FW123456', '7771119999', 'Lucy Turner', '9991117777', 325.00, 'BOOK141'),
('TICKET175', 'Henry Adams', 'FX789012', '6662225555', 'Sophia Hill', '5552226666', 330.00, 'BOOK142'),
('TICKET176', 'Sophia Hill', 'FY123456', '5552226666', 'Henry Adams', '6662225555', 335.00, 'BOOK143'),
('TICKET177', 'Benjamin White', 'FZ789012', '2224446666', 'Emily Turner', '6664442222', 340.00, 'BOOK144'),
('TICKET178', 'Emily Turner', 'GA123456', '6664442222', 'Benjamin White', '2224446666', 345.00, 'BOOK145'),
('TICKET179', 'Leo Mason', 'GB789012', '4441113333', 'Aria Turner', '3331114444', 350.00, 'BOOK146'),
('TICKET180', 'Aria Turner', 'GC123456', '3331114444', 'Leo Mason', '4441113333', 355.00, 'BOOK146'),
('TICKET181', 'Olivia King', 'GD789012', '9994446666', 'Liam Davis', '6664449999', 360.00, 'BOOK147'),
('TICKET182', 'Liam Davis', 'GE123456', '6664449999', 'Olivia King', '9994446666', 365.00, 'BOOK147'),
('TICKET183', 'Lucas Young', 'GF789012', '2225557777', 'Ava Johnson', '7775552222', 370.00, 'BOOK148'),
('TICKET184', 'Ava Johnson', 'GG123456', '7775552222', 'Lucas Young', '2225557777', 375.00, 'BOOK149'),
('TICKET185', 'Ella White', 'GH789012', '8886661111', 'Jackson Brown', '1116668888', 380.00, 'BOOK150')
;

-- booking details view
create view  booking_detail as
select a.BookingCode,a.Class_type, a.BookingDate,a.IsRefundable, a.Totalcost,
c.TicketReference,c.name,d.AirlineCode, d.Description,b.ItinerarySequence,b.DeptAirportCode, e1.address as dept_address, b.DepartureDatetime, b.ArrivalAirportCode, 
e2.Address as arr_address,
b.ArrivalDatetime, b.Check_inStatus, b.Seat  from booking a, itinerary b, ticket c , airline d, airport e1, airport e2
where a.bookingcode = b.Booking_BookingCode 
 and a.bookingcode = c.booking_bookingcode
 and b.AirlineCode = d.AirlineCode
 and b.DeptAirportCode = e1.AirportCode
 and b.ArrivalAirportCode = e2.AirportCode
 ;



